<application>
  <component name="dataSourceStorage" format="xml" multifile-model="true">
    <data-source source="LOCAL" name="nucleo@staging" read-only="true" group="staging" uuid="146906ff-4ab0-4b84-982f-b36a39582499">
      <driver-ref>postgresql</driver-ref>
      <synchronize>true</synchronize>
      <jdbc-driver>org.postgresql.Driver</jdbc-driver>
      <jdbc-url>jdbc:postgresql://ec2-54-247-98-162.eu-west-1.compute.amazonaws.com:5432/d4foero61rhq1r</jdbc-url>
      <working-dir>$ProjectFileDir$</working-dir>
    </data-source>
    <data-source source="LOCAL" name="webportal@staging" read-only="true" group="staging" uuid="a98fda02-d22e-4811-9de4-5b972dc7abc6">
      <driver-ref>postgresql</driver-ref>
      <synchronize>true</synchronize>
      <jdbc-driver>org.postgresql.Driver</jdbc-driver>
      <jdbc-url>jdbc:postgresql://ec2-54-247-177-33.eu-west-1.compute.amazonaws.com:5432/d1qupoar12fh9i</jdbc-url>
      <working-dir>$ProjectFileDir$</working-dir>
    </data-source>
    <data-source source="LOCAL" name="nucleo-database-test@localhost" group="local" uuid="375cdaf1-f45d-43fc-b4e6-0d8022835503">
      <driver-ref>postgresql</driver-ref>
      <synchronize>true</synchronize>
      <jdbc-driver>org.postgresql.Driver</jdbc-driver>
      <jdbc-url>jdbc:postgresql://localhost:5432/nucleo-database-test</jdbc-url>
    </data-source>
    <data-source source="LOCAL" name="nucleo@production" read-only="true" group="production" uuid="666a37a4-a623-40f9-abf9-48494b627640">
      <driver-ref>postgresql</driver-ref>
      <synchronize>true</synchronize>
      <jdbc-driver>org.postgresql.Driver</jdbc-driver>
      <jdbc-url>jdbc:postgresql://ec2-34-249-44-78.eu-west-1.compute.amazonaws.com:5432/d8irmv86heiajl</jdbc-url>
    </data-source>
    <data-source source="LOCAL" name="webportal@localhost" group="local" uuid="dd29c309-08b8-4caf-b22d-032d351b43df">
      <driver-ref>postgresql</driver-ref>
      <synchronize>true</synchronize>
      <jdbc-driver>org.postgresql.Driver</jdbc-driver>
      <jdbc-url>jdbc:postgresql://localhost:5432/webportal</jdbc-url>
      <working-dir>$ProjectFileDir$</working-dir>
    </data-source>
  </component>
</application>