<application>
  <component name="FileTypeManager" version="18">
    <extensionMap>
      <mapping pattern=".jvmopts" type="AUTO_DETECTED" />
      <mapping ext="space.kts" type="Kotlin" />
      <mapping ext="main.kts" type="Kotlin" />
      <mapping pattern="Procfile" type="PLAIN_TEXT" />
      <mapping pattern=".env.example" type="PLAIN_TEXT" />
      <mapping pattern="deregisterStreamConsumer.js" type="PLAIN_TEXT" />
      <mapping pattern="messages" type="PLAIN_TEXT" />
      <removed_mapping ext="ignore" approved="true" type="IgnoreLang file" />
      <removed_mapping pattern=".prettierignore" approved="true" type="Prettier File" />
      <mapping pattern=".gitignore_global" type="Git file" />
    </extensionMap>
  </component>
</application>