<application>
  <component name="GraziConfig">
    <option name="userDisabledRules">
      <set>
        <option value="LanguageTool.EN.And" />
        <option value="LanguageTool.EN.PASSIVE_VOICE" />
      </set>
    </option>
    <option name="suppressingContext">
      <SuppressingContext>
        <option name="suppressed">
          <set>
            <option value="Logger name from config (" />
          </set>
        </option>
      </SuppressingContext>
    </option>
  </component>
</application>