<application>
  <component name="ProjectJdkTable">
    <jdk version="2">
      <name value="RVM: ruby-2.2.3" />
      <type value="RUBY_SDK" />
      <version value="ver.2.2.3p173 ( revision 51636) p173" />
      <homePath value="$USER_HOME$/.rvm/rubies/ruby-2.2.3/bin/ruby" />
      <roots>
        <annotationsPath>
          <root type="composite" />
        </annotationsPath>
        <classPath>
          <root type="composite">
            <root url="file://$USER_HOME$/.rvm/rubies/ruby-2.2.3/lib/ruby/site_ruby/2.2.0" type="simple" />
            <root url="file://$USER_HOME$/.rvm/rubies/ruby-2.2.3/lib/ruby/site_ruby/2.2.0/x86_64-darwin14" type="simple" />
            <root url="file://$USER_HOME$/.rvm/rubies/ruby-2.2.3/lib/ruby/site_ruby" type="simple" />
            <root url="file://$USER_HOME$/.rvm/rubies/ruby-2.2.3/lib/ruby/vendor_ruby/2.2.0" type="simple" />
            <root url="file://$USER_HOME$/.rvm/rubies/ruby-2.2.3/lib/ruby/vendor_ruby/2.2.0/x86_64-darwin14" type="simple" />
            <root url="file://$USER_HOME$/.rvm/rubies/ruby-2.2.3/lib/ruby/vendor_ruby" type="simple" />
            <root url="file://$USER_HOME$/.rvm/rubies/ruby-2.2.3/lib/ruby/2.2.0" type="simple" />
            <root url="file://$USER_HOME$/.rvm/rubies/ruby-2.2.3/lib/ruby/2.2.0/x86_64-darwin14" type="simple" />
            <root url="file://$APPLICATION_PLUGINS_DIR$/ruby/rubystubs/rubystubs22" type="simple" />
          </root>
        </classPath>
        <javadocPath>
          <root type="composite" />
        </javadocPath>
        <sourcePath>
          <root type="composite">
            <root url="file://$USER_HOME$/.rvm/rubies/ruby-2.2.3/lib/ruby/site_ruby/2.2.0" type="simple" />
            <root url="file://$USER_HOME$/.rvm/rubies/ruby-2.2.3/lib/ruby/site_ruby/2.2.0/x86_64-darwin14" type="simple" />
            <root url="file://$USER_HOME$/.rvm/rubies/ruby-2.2.3/lib/ruby/site_ruby" type="simple" />
            <root url="file://$USER_HOME$/.rvm/rubies/ruby-2.2.3/lib/ruby/vendor_ruby/2.2.0" type="simple" />
            <root url="file://$USER_HOME$/.rvm/rubies/ruby-2.2.3/lib/ruby/vendor_ruby/2.2.0/x86_64-darwin14" type="simple" />
            <root url="file://$USER_HOME$/.rvm/rubies/ruby-2.2.3/lib/ruby/vendor_ruby" type="simple" />
            <root url="file://$USER_HOME$/.rvm/rubies/ruby-2.2.3/lib/ruby/2.2.0" type="simple" />
            <root url="file://$USER_HOME$/.rvm/rubies/ruby-2.2.3/lib/ruby/2.2.0/x86_64-darwin14" type="simple" />
            <root url="file://$APPLICATION_PLUGINS_DIR$/ruby/rubystubs/rubystubs22" type="simple" />
          </root>
        </sourcePath>
      </roots>
      <additional NORMALIZED_VERSION_STRING="ver.2.2.3p173 ( revision 51636) p173" GEMS_BIN_DIR_PATH="$USER_HOME$/.rvm/gems/ruby-2.2.3/bin">
        <VERSION_MANAGER ID="rvm">
          <distribution-id>ruby-2.2.3</distribution-id>
          <version-manager-path>$USER_HOME$/.rvm/bin/rvm</version-manager-path>
        </VERSION_MANAGER>
      </additional>
    </jdk>
    <jdk version="2">
      <name value="RVM: ruby-2.2.3 [global]" />
      <type value="RUBY_SDK" />
      <version value="ver.2.2.3p173 ( revision 51636) p173" />
      <homePath value="$USER_HOME$/.rvm/rubies/ruby-2.2.3/bin/ruby" />
      <roots>
        <annotationsPath>
          <root type="composite" />
        </annotationsPath>
        <classPath>
          <root type="composite">
            <root url="file://$USER_HOME$/.rvm/rubies/ruby-2.2.3/lib/ruby/site_ruby/2.2.0" type="simple" />
            <root url="file://$USER_HOME$/.rvm/rubies/ruby-2.2.3/lib/ruby/site_ruby/2.2.0/x86_64-darwin14" type="simple" />
            <root url="file://$USER_HOME$/.rvm/rubies/ruby-2.2.3/lib/ruby/site_ruby" type="simple" />
            <root url="file://$USER_HOME$/.rvm/rubies/ruby-2.2.3/lib/ruby/vendor_ruby/2.2.0" type="simple" />
            <root url="file://$USER_HOME$/.rvm/rubies/ruby-2.2.3/lib/ruby/vendor_ruby/2.2.0/x86_64-darwin14" type="simple" />
            <root url="file://$USER_HOME$/.rvm/rubies/ruby-2.2.3/lib/ruby/vendor_ruby" type="simple" />
            <root url="file://$USER_HOME$/.rvm/rubies/ruby-2.2.3/lib/ruby/2.2.0" type="simple" />
            <root url="file://$USER_HOME$/.rvm/rubies/ruby-2.2.3/lib/ruby/2.2.0/x86_64-darwin14" type="simple" />
            <root url="file://$APPLICATION_PLUGINS_DIR$/ruby/rubystubs/rubystubs22" type="simple" />
          </root>
        </classPath>
        <javadocPath>
          <root type="composite" />
        </javadocPath>
        <sourcePath>
          <root type="composite">
            <root url="file://$USER_HOME$/.rvm/rubies/ruby-2.2.3/lib/ruby/site_ruby/2.2.0" type="simple" />
            <root url="file://$USER_HOME$/.rvm/rubies/ruby-2.2.3/lib/ruby/site_ruby/2.2.0/x86_64-darwin14" type="simple" />
            <root url="file://$USER_HOME$/.rvm/rubies/ruby-2.2.3/lib/ruby/site_ruby" type="simple" />
            <root url="file://$USER_HOME$/.rvm/rubies/ruby-2.2.3/lib/ruby/vendor_ruby/2.2.0" type="simple" />
            <root url="file://$USER_HOME$/.rvm/rubies/ruby-2.2.3/lib/ruby/vendor_ruby/2.2.0/x86_64-darwin14" type="simple" />
            <root url="file://$USER_HOME$/.rvm/rubies/ruby-2.2.3/lib/ruby/vendor_ruby" type="simple" />
            <root url="file://$USER_HOME$/.rvm/rubies/ruby-2.2.3/lib/ruby/2.2.0" type="simple" />
            <root url="file://$USER_HOME$/.rvm/rubies/ruby-2.2.3/lib/ruby/2.2.0/x86_64-darwin14" type="simple" />
            <root url="file://$APPLICATION_PLUGINS_DIR$/ruby/rubystubs/rubystubs22" type="simple" />
          </root>
        </sourcePath>
      </roots>
      <additional NORMALIZED_VERSION_STRING="ver.2.2.3p173 ( revision 51636) p173" GEMS_BIN_DIR_PATH="$USER_HOME$/.rvm/gems/ruby-2.2.3@global/bin">
        <VERSION_MANAGER ID="rvm">
          <distribution-id>ruby-2.2.3@global</distribution-id>
          <version-manager-path>$USER_HOME$/.rvm/bin/rvm</version-manager-path>
        </VERSION_MANAGER>
      </additional>
    </jdk>
    <jdk version="2">
      <name value="RVM: ruby-2.2.3 [angelfire]" />
      <type value="RUBY_SDK" />
      <version value="ver.2.2.3p173 ( revision 51636) p173" />
      <homePath value="$USER_HOME$/.rvm/rubies/ruby-2.2.3/bin/ruby" />
      <roots>
        <annotationsPath>
          <root type="composite" />
        </annotationsPath>
        <classPath>
          <root type="composite">
            <root url="file://$USER_HOME$/.rvm/rubies/ruby-2.2.3/lib/ruby/site_ruby/2.2.0" type="simple" />
            <root url="file://$USER_HOME$/.rvm/rubies/ruby-2.2.3/lib/ruby/site_ruby/2.2.0/x86_64-darwin14" type="simple" />
            <root url="file://$USER_HOME$/.rvm/rubies/ruby-2.2.3/lib/ruby/site_ruby" type="simple" />
            <root url="file://$USER_HOME$/.rvm/rubies/ruby-2.2.3/lib/ruby/vendor_ruby/2.2.0" type="simple" />
            <root url="file://$USER_HOME$/.rvm/rubies/ruby-2.2.3/lib/ruby/vendor_ruby/2.2.0/x86_64-darwin14" type="simple" />
            <root url="file://$USER_HOME$/.rvm/rubies/ruby-2.2.3/lib/ruby/vendor_ruby" type="simple" />
            <root url="file://$USER_HOME$/.rvm/rubies/ruby-2.2.3/lib/ruby/2.2.0" type="simple" />
            <root url="file://$USER_HOME$/.rvm/rubies/ruby-2.2.3/lib/ruby/2.2.0/x86_64-darwin14" type="simple" />
            <root url="file://$APPLICATION_PLUGINS_DIR$/ruby/rubystubs/rubystubs22" type="simple" />
          </root>
        </classPath>
        <javadocPath>
          <root type="composite" />
        </javadocPath>
        <sourcePath>
          <root type="composite">
            <root url="file://$USER_HOME$/.rvm/rubies/ruby-2.2.3/lib/ruby/site_ruby/2.2.0" type="simple" />
            <root url="file://$USER_HOME$/.rvm/rubies/ruby-2.2.3/lib/ruby/site_ruby/2.2.0/x86_64-darwin14" type="simple" />
            <root url="file://$USER_HOME$/.rvm/rubies/ruby-2.2.3/lib/ruby/site_ruby" type="simple" />
            <root url="file://$USER_HOME$/.rvm/rubies/ruby-2.2.3/lib/ruby/vendor_ruby/2.2.0" type="simple" />
            <root url="file://$USER_HOME$/.rvm/rubies/ruby-2.2.3/lib/ruby/vendor_ruby/2.2.0/x86_64-darwin14" type="simple" />
            <root url="file://$USER_HOME$/.rvm/rubies/ruby-2.2.3/lib/ruby/vendor_ruby" type="simple" />
            <root url="file://$USER_HOME$/.rvm/rubies/ruby-2.2.3/lib/ruby/2.2.0" type="simple" />
            <root url="file://$USER_HOME$/.rvm/rubies/ruby-2.2.3/lib/ruby/2.2.0/x86_64-darwin14" type="simple" />
            <root url="file://$APPLICATION_PLUGINS_DIR$/ruby/rubystubs/rubystubs22" type="simple" />
          </root>
        </sourcePath>
      </roots>
      <additional NORMALIZED_VERSION_STRING="ver.2.2.3p173 ( revision 51636) p173" GEMS_BIN_DIR_PATH="$USER_HOME$/.rvm/gems/ruby-2.2.3@angelfire/bin">
        <VERSION_MANAGER ID="rvm">
          <distribution-id>ruby-2.2.3@angelfire</distribution-id>
          <version-manager-path>$USER_HOME$/.rvm/bin/rvm</version-manager-path>
        </VERSION_MANAGER>
      </additional>
    </jdk>
    <jdk version="2">
      <name value="RVM: ruby-2.3.3" />
      <type value="RUBY_SDK" />
      <version value="ver.2.3.3p222 ( revision 56859) p222" />
      <homePath value="$USER_HOME$/.rvm/rubies/ruby-2.3.3/bin/ruby" />
      <roots>
        <annotationsPath>
          <root type="composite" />
        </annotationsPath>
        <classPath>
          <root type="composite">
            <root url="file://$USER_HOME$/.rvm/gems/ruby-2.3.3@global/gems/did_you_mean-1.0.0/lib" type="simple" />
            <root url="file://$USER_HOME$/.rvm/rubies/ruby-2.3.3/lib/ruby/site_ruby/2.3.0" type="simple" />
            <root url="file://$USER_HOME$/.rvm/rubies/ruby-2.3.3/lib/ruby/site_ruby/2.3.0/x86_64-darwin16" type="simple" />
            <root url="file://$USER_HOME$/.rvm/rubies/ruby-2.3.3/lib/ruby/site_ruby" type="simple" />
            <root url="file://$USER_HOME$/.rvm/rubies/ruby-2.3.3/lib/ruby/vendor_ruby/2.3.0" type="simple" />
            <root url="file://$USER_HOME$/.rvm/rubies/ruby-2.3.3/lib/ruby/vendor_ruby/2.3.0/x86_64-darwin16" type="simple" />
            <root url="file://$USER_HOME$/.rvm/rubies/ruby-2.3.3/lib/ruby/vendor_ruby" type="simple" />
            <root url="file://$USER_HOME$/.rvm/rubies/ruby-2.3.3/lib/ruby/2.3.0" type="simple" />
            <root url="file://$USER_HOME$/.rvm/rubies/ruby-2.3.3/lib/ruby/2.3.0/x86_64-darwin16" type="simple" />
            <root url="file://$APPLICATION_PLUGINS_DIR$/ruby/rubystubs/rubystubs23" type="simple" />
          </root>
        </classPath>
        <javadocPath>
          <root type="composite" />
        </javadocPath>
        <sourcePath>
          <root type="composite">
            <root url="file://$USER_HOME$/.rvm/gems/ruby-2.3.3@global/gems/did_you_mean-1.0.0/lib" type="simple" />
            <root url="file://$USER_HOME$/.rvm/rubies/ruby-2.3.3/lib/ruby/site_ruby/2.3.0" type="simple" />
            <root url="file://$USER_HOME$/.rvm/rubies/ruby-2.3.3/lib/ruby/site_ruby/2.3.0/x86_64-darwin16" type="simple" />
            <root url="file://$USER_HOME$/.rvm/rubies/ruby-2.3.3/lib/ruby/site_ruby" type="simple" />
            <root url="file://$USER_HOME$/.rvm/rubies/ruby-2.3.3/lib/ruby/vendor_ruby/2.3.0" type="simple" />
            <root url="file://$USER_HOME$/.rvm/rubies/ruby-2.3.3/lib/ruby/vendor_ruby/2.3.0/x86_64-darwin16" type="simple" />
            <root url="file://$USER_HOME$/.rvm/rubies/ruby-2.3.3/lib/ruby/vendor_ruby" type="simple" />
            <root url="file://$USER_HOME$/.rvm/rubies/ruby-2.3.3/lib/ruby/2.3.0" type="simple" />
            <root url="file://$USER_HOME$/.rvm/rubies/ruby-2.3.3/lib/ruby/2.3.0/x86_64-darwin16" type="simple" />
            <root url="file://$APPLICATION_PLUGINS_DIR$/ruby/rubystubs/rubystubs23" type="simple" />
          </root>
        </sourcePath>
      </roots>
      <additional NORMALIZED_VERSION_STRING="ver.2.3.3p222 ( revision 56859) p222" GEMS_BIN_DIR_PATH="$USER_HOME$/.rvm/gems/ruby-2.3.3/bin">
        <VERSION_MANAGER ID="rvm">
          <distribution-id>ruby-2.3.3</distribution-id>
          <version-manager-path>$USER_HOME$/.rvm/bin/rvm</version-manager-path>
        </VERSION_MANAGER>
      </additional>
    </jdk>
    <jdk version="2">
      <name value="RVM: ruby-2.3.3 [global]" />
      <type value="RUBY_SDK" />
      <version value="ver.2.3.3p222 ( revision 56859) p222" />
      <homePath value="$USER_HOME$/.rvm/rubies/ruby-2.3.3/bin/ruby" />
      <roots>
        <annotationsPath>
          <root type="composite" />
        </annotationsPath>
        <classPath>
          <root type="composite">
            <root url="file://$USER_HOME$/.rvm/gems/ruby-2.3.3@global/gems/did_you_mean-1.0.0/lib" type="simple" />
            <root url="file://$USER_HOME$/.rvm/rubies/ruby-2.3.3/lib/ruby/site_ruby/2.3.0" type="simple" />
            <root url="file://$USER_HOME$/.rvm/rubies/ruby-2.3.3/lib/ruby/site_ruby/2.3.0/x86_64-darwin16" type="simple" />
            <root url="file://$USER_HOME$/.rvm/rubies/ruby-2.3.3/lib/ruby/site_ruby" type="simple" />
            <root url="file://$USER_HOME$/.rvm/rubies/ruby-2.3.3/lib/ruby/vendor_ruby/2.3.0" type="simple" />
            <root url="file://$USER_HOME$/.rvm/rubies/ruby-2.3.3/lib/ruby/vendor_ruby/2.3.0/x86_64-darwin16" type="simple" />
            <root url="file://$USER_HOME$/.rvm/rubies/ruby-2.3.3/lib/ruby/vendor_ruby" type="simple" />
            <root url="file://$USER_HOME$/.rvm/rubies/ruby-2.3.3/lib/ruby/2.3.0" type="simple" />
            <root url="file://$USER_HOME$/.rvm/rubies/ruby-2.3.3/lib/ruby/2.3.0/x86_64-darwin16" type="simple" />
            <root url="file://$APPLICATION_PLUGINS_DIR$/ruby/rubystubs/rubystubs23" type="simple" />
          </root>
        </classPath>
        <javadocPath>
          <root type="composite" />
        </javadocPath>
        <sourcePath>
          <root type="composite">
            <root url="file://$USER_HOME$/.rvm/gems/ruby-2.3.3@global/gems/did_you_mean-1.0.0/lib" type="simple" />
            <root url="file://$USER_HOME$/.rvm/rubies/ruby-2.3.3/lib/ruby/site_ruby/2.3.0" type="simple" />
            <root url="file://$USER_HOME$/.rvm/rubies/ruby-2.3.3/lib/ruby/site_ruby/2.3.0/x86_64-darwin16" type="simple" />
            <root url="file://$USER_HOME$/.rvm/rubies/ruby-2.3.3/lib/ruby/site_ruby" type="simple" />
            <root url="file://$USER_HOME$/.rvm/rubies/ruby-2.3.3/lib/ruby/vendor_ruby/2.3.0" type="simple" />
            <root url="file://$USER_HOME$/.rvm/rubies/ruby-2.3.3/lib/ruby/vendor_ruby/2.3.0/x86_64-darwin16" type="simple" />
            <root url="file://$USER_HOME$/.rvm/rubies/ruby-2.3.3/lib/ruby/vendor_ruby" type="simple" />
            <root url="file://$USER_HOME$/.rvm/rubies/ruby-2.3.3/lib/ruby/2.3.0" type="simple" />
            <root url="file://$USER_HOME$/.rvm/rubies/ruby-2.3.3/lib/ruby/2.3.0/x86_64-darwin16" type="simple" />
            <root url="file://$APPLICATION_PLUGINS_DIR$/ruby/rubystubs/rubystubs23" type="simple" />
          </root>
        </sourcePath>
      </roots>
      <additional NORMALIZED_VERSION_STRING="ver.2.3.3p222 ( revision 56859) p222" GEMS_BIN_DIR_PATH="$USER_HOME$/.rvm/gems/ruby-2.3.3@global/bin">
        <VERSION_MANAGER ID="rvm">
          <distribution-id>ruby-2.3.3@global</distribution-id>
          <version-manager-path>$USER_HOME$/.rvm/bin/rvm</version-manager-path>
        </VERSION_MANAGER>
      </additional>
    </jdk>
    <jdk version="2">
      <name value="RVM: ruby-2.3.3 [checkmate]" />
      <type value="RUBY_SDK" />
      <version value="ver.2.3.3p222 ( revision 56859) p222" />
      <homePath value="$USER_HOME$/.rvm/rubies/ruby-2.3.3/bin/ruby" />
      <roots>
        <annotationsPath>
          <root type="composite" />
        </annotationsPath>
        <classPath>
          <root type="composite">
            <root url="file://$USER_HOME$/.rvm/gems/ruby-2.3.3@global/gems/did_you_mean-1.0.0/lib" type="simple" />
            <root url="file://$USER_HOME$/.rvm/rubies/ruby-2.3.3/lib/ruby/site_ruby/2.3.0" type="simple" />
            <root url="file://$USER_HOME$/.rvm/rubies/ruby-2.3.3/lib/ruby/site_ruby/2.3.0/x86_64-darwin16" type="simple" />
            <root url="file://$USER_HOME$/.rvm/rubies/ruby-2.3.3/lib/ruby/site_ruby" type="simple" />
            <root url="file://$USER_HOME$/.rvm/rubies/ruby-2.3.3/lib/ruby/vendor_ruby/2.3.0" type="simple" />
            <root url="file://$USER_HOME$/.rvm/rubies/ruby-2.3.3/lib/ruby/vendor_ruby/2.3.0/x86_64-darwin16" type="simple" />
            <root url="file://$USER_HOME$/.rvm/rubies/ruby-2.3.3/lib/ruby/vendor_ruby" type="simple" />
            <root url="file://$USER_HOME$/.rvm/rubies/ruby-2.3.3/lib/ruby/2.3.0" type="simple" />
            <root url="file://$USER_HOME$/.rvm/rubies/ruby-2.3.3/lib/ruby/2.3.0/x86_64-darwin16" type="simple" />
            <root url="file://$APPLICATION_PLUGINS_DIR$/ruby/rubystubs/rubystubs23" type="simple" />
          </root>
        </classPath>
        <javadocPath>
          <root type="composite" />
        </javadocPath>
        <sourcePath>
          <root type="composite">
            <root url="file://$USER_HOME$/.rvm/gems/ruby-2.3.3@global/gems/did_you_mean-1.0.0/lib" type="simple" />
            <root url="file://$USER_HOME$/.rvm/rubies/ruby-2.3.3/lib/ruby/site_ruby/2.3.0" type="simple" />
            <root url="file://$USER_HOME$/.rvm/rubies/ruby-2.3.3/lib/ruby/site_ruby/2.3.0/x86_64-darwin16" type="simple" />
            <root url="file://$USER_HOME$/.rvm/rubies/ruby-2.3.3/lib/ruby/site_ruby" type="simple" />
            <root url="file://$USER_HOME$/.rvm/rubies/ruby-2.3.3/lib/ruby/vendor_ruby/2.3.0" type="simple" />
            <root url="file://$USER_HOME$/.rvm/rubies/ruby-2.3.3/lib/ruby/vendor_ruby/2.3.0/x86_64-darwin16" type="simple" />
            <root url="file://$USER_HOME$/.rvm/rubies/ruby-2.3.3/lib/ruby/vendor_ruby" type="simple" />
            <root url="file://$USER_HOME$/.rvm/rubies/ruby-2.3.3/lib/ruby/2.3.0" type="simple" />
            <root url="file://$USER_HOME$/.rvm/rubies/ruby-2.3.3/lib/ruby/2.3.0/x86_64-darwin16" type="simple" />
            <root url="file://$APPLICATION_PLUGINS_DIR$/ruby/rubystubs/rubystubs23" type="simple" />
          </root>
        </sourcePath>
      </roots>
      <additional NORMALIZED_VERSION_STRING="ver.2.3.3p222 ( revision 56859) p222" GEMS_BIN_DIR_PATH="$USER_HOME$/.rvm/gems/ruby-2.3.3@checkmate/bin">
        <VERSION_MANAGER ID="rvm">
          <distribution-id>ruby-2.3.3@checkmate</distribution-id>
          <version-manager-path>$USER_HOME$/.rvm/bin/rvm</version-manager-path>
        </VERSION_MANAGER>
      </additional>
    </jdk>
    <jdk version="2">
      <name value="RVM: ruby-2.4.2" />
      <type value="RUBY_SDK" />
      <version value="ver.2.4.2p198 ( revision 59899) p198" />
      <homePath value="$USER_HOME$/.rvm/rubies/ruby-2.4.2/bin/ruby" />
      <roots>
        <annotationsPath>
          <root type="composite" />
        </annotationsPath>
        <classPath>
          <root type="composite">
            <root url="file://$USER_HOME$/.rvm/gems/ruby-2.4.2@global/gems/did_you_mean-1.1.0/lib" type="simple" />
            <root url="file://$USER_HOME$/.rvm/rubies/ruby-2.4.2/lib/ruby/site_ruby/2.4.0" type="simple" />
            <root url="file://$USER_HOME$/.rvm/rubies/ruby-2.4.2/lib/ruby/site_ruby/2.4.0/x86_64-darwin16" type="simple" />
            <root url="file://$USER_HOME$/.rvm/rubies/ruby-2.4.2/lib/ruby/site_ruby" type="simple" />
            <root url="file://$USER_HOME$/.rvm/rubies/ruby-2.4.2/lib/ruby/vendor_ruby/2.4.0" type="simple" />
            <root url="file://$USER_HOME$/.rvm/rubies/ruby-2.4.2/lib/ruby/vendor_ruby/2.4.0/x86_64-darwin16" type="simple" />
            <root url="file://$USER_HOME$/.rvm/rubies/ruby-2.4.2/lib/ruby/vendor_ruby" type="simple" />
            <root url="file://$USER_HOME$/.rvm/rubies/ruby-2.4.2/lib/ruby/2.4.0" type="simple" />
            <root url="file://$USER_HOME$/.rvm/rubies/ruby-2.4.2/lib/ruby/2.4.0/x86_64-darwin16" type="simple" />
            <root url="file://$APPLICATION_PLUGINS_DIR$/ruby/rubystubs/rubystubs24" type="simple" />
          </root>
        </classPath>
        <javadocPath>
          <root type="composite" />
        </javadocPath>
        <sourcePath>
          <root type="composite">
            <root url="file://$USER_HOME$/.rvm/gems/ruby-2.4.2@global/gems/did_you_mean-1.1.0/lib" type="simple" />
            <root url="file://$USER_HOME$/.rvm/rubies/ruby-2.4.2/lib/ruby/site_ruby/2.4.0" type="simple" />
            <root url="file://$USER_HOME$/.rvm/rubies/ruby-2.4.2/lib/ruby/site_ruby/2.4.0/x86_64-darwin16" type="simple" />
            <root url="file://$USER_HOME$/.rvm/rubies/ruby-2.4.2/lib/ruby/site_ruby" type="simple" />
            <root url="file://$USER_HOME$/.rvm/rubies/ruby-2.4.2/lib/ruby/vendor_ruby/2.4.0" type="simple" />
            <root url="file://$USER_HOME$/.rvm/rubies/ruby-2.4.2/lib/ruby/vendor_ruby/2.4.0/x86_64-darwin16" type="simple" />
            <root url="file://$USER_HOME$/.rvm/rubies/ruby-2.4.2/lib/ruby/vendor_ruby" type="simple" />
            <root url="file://$USER_HOME$/.rvm/rubies/ruby-2.4.2/lib/ruby/2.4.0" type="simple" />
            <root url="file://$USER_HOME$/.rvm/rubies/ruby-2.4.2/lib/ruby/2.4.0/x86_64-darwin16" type="simple" />
            <root url="file://$APPLICATION_PLUGINS_DIR$/ruby/rubystubs/rubystubs24" type="simple" />
          </root>
        </sourcePath>
      </roots>
      <additional NORMALIZED_VERSION_STRING="ver.2.4.2p198 ( revision 59899) p198" GEMS_BIN_DIR_PATH="$USER_HOME$/.rvm/gems/ruby-2.4.2/bin">
        <VERSION_MANAGER ID="rvm">
          <distribution-id>ruby-2.4.2</distribution-id>
          <version-manager-path>$USER_HOME$/.rvm/bin/rvm</version-manager-path>
        </VERSION_MANAGER>
      </additional>
    </jdk>
    <jdk version="2">
      <name value="RVM: ruby-2.4.2 [global]" />
      <type value="RUBY_SDK" />
      <version value="ver.2.4.2p198 ( revision 59899) p198" />
      <homePath value="$USER_HOME$/.rvm/rubies/ruby-2.4.2/bin/ruby" />
      <roots>
        <annotationsPath>
          <root type="composite" />
        </annotationsPath>
        <classPath>
          <root type="composite">
            <root url="file://$USER_HOME$/.rvm/gems/ruby-2.4.2@global/gems/did_you_mean-1.1.0/lib" type="simple" />
            <root url="file://$USER_HOME$/.rvm/rubies/ruby-2.4.2/lib/ruby/site_ruby/2.4.0" type="simple" />
            <root url="file://$USER_HOME$/.rvm/rubies/ruby-2.4.2/lib/ruby/site_ruby/2.4.0/x86_64-darwin16" type="simple" />
            <root url="file://$USER_HOME$/.rvm/rubies/ruby-2.4.2/lib/ruby/site_ruby" type="simple" />
            <root url="file://$USER_HOME$/.rvm/rubies/ruby-2.4.2/lib/ruby/vendor_ruby/2.4.0" type="simple" />
            <root url="file://$USER_HOME$/.rvm/rubies/ruby-2.4.2/lib/ruby/vendor_ruby/2.4.0/x86_64-darwin16" type="simple" />
            <root url="file://$USER_HOME$/.rvm/rubies/ruby-2.4.2/lib/ruby/vendor_ruby" type="simple" />
            <root url="file://$USER_HOME$/.rvm/rubies/ruby-2.4.2/lib/ruby/2.4.0" type="simple" />
            <root url="file://$USER_HOME$/.rvm/rubies/ruby-2.4.2/lib/ruby/2.4.0/x86_64-darwin16" type="simple" />
            <root url="file://$APPLICATION_PLUGINS_DIR$/ruby/rubystubs/rubystubs24" type="simple" />
          </root>
        </classPath>
        <javadocPath>
          <root type="composite" />
        </javadocPath>
        <sourcePath>
          <root type="composite">
            <root url="file://$USER_HOME$/.rvm/gems/ruby-2.4.2@global/gems/did_you_mean-1.1.0/lib" type="simple" />
            <root url="file://$USER_HOME$/.rvm/rubies/ruby-2.4.2/lib/ruby/site_ruby/2.4.0" type="simple" />
            <root url="file://$USER_HOME$/.rvm/rubies/ruby-2.4.2/lib/ruby/site_ruby/2.4.0/x86_64-darwin16" type="simple" />
            <root url="file://$USER_HOME$/.rvm/rubies/ruby-2.4.2/lib/ruby/site_ruby" type="simple" />
            <root url="file://$USER_HOME$/.rvm/rubies/ruby-2.4.2/lib/ruby/vendor_ruby/2.4.0" type="simple" />
            <root url="file://$USER_HOME$/.rvm/rubies/ruby-2.4.2/lib/ruby/vendor_ruby/2.4.0/x86_64-darwin16" type="simple" />
            <root url="file://$USER_HOME$/.rvm/rubies/ruby-2.4.2/lib/ruby/vendor_ruby" type="simple" />
            <root url="file://$USER_HOME$/.rvm/rubies/ruby-2.4.2/lib/ruby/2.4.0" type="simple" />
            <root url="file://$USER_HOME$/.rvm/rubies/ruby-2.4.2/lib/ruby/2.4.0/x86_64-darwin16" type="simple" />
            <root url="file://$APPLICATION_PLUGINS_DIR$/ruby/rubystubs/rubystubs24" type="simple" />
          </root>
        </sourcePath>
      </roots>
      <additional NORMALIZED_VERSION_STRING="ver.2.4.2p198 ( revision 59899) p198" GEMS_BIN_DIR_PATH="$USER_HOME$/.rvm/gems/ruby-2.4.2@global/bin">
        <VERSION_MANAGER ID="rvm">
          <distribution-id>ruby-2.4.2@global</distribution-id>
          <version-manager-path>$USER_HOME$/.rvm/bin/rvm</version-manager-path>
        </VERSION_MANAGER>
      </additional>
    </jdk>
    <jdk version="2">
      <name value="RVM: ruby-2.5.0" />
      <type value="RUBY_SDK" />
      <version value="ver.2.5.0p0 ( revision 61468) p0" />
      <homePath value="$USER_HOME$/.rvm/rubies/ruby-2.5.0/bin/ruby" />
      <roots>
        <annotationsPath>
          <root type="composite" />
        </annotationsPath>
        <classPath>
          <root type="composite">
            <root url="file://$USER_HOME$/.rvm/gems/ruby-2.5.0@global/gems/did_you_mean-1.2.0/lib" type="simple" />
            <root url="file://$USER_HOME$/.rvm/rubies/ruby-2.5.0/lib/ruby/site_ruby/2.5.0" type="simple" />
            <root url="file://$USER_HOME$/.rvm/rubies/ruby-2.5.0/lib/ruby/site_ruby/2.5.0/x86_64-darwin16" type="simple" />
            <root url="file://$USER_HOME$/.rvm/rubies/ruby-2.5.0/lib/ruby/site_ruby" type="simple" />
            <root url="file://$USER_HOME$/.rvm/rubies/ruby-2.5.0/lib/ruby/vendor_ruby/2.5.0" type="simple" />
            <root url="file://$USER_HOME$/.rvm/rubies/ruby-2.5.0/lib/ruby/vendor_ruby/2.5.0/x86_64-darwin16" type="simple" />
            <root url="file://$USER_HOME$/.rvm/rubies/ruby-2.5.0/lib/ruby/vendor_ruby" type="simple" />
            <root url="file://$USER_HOME$/.rvm/rubies/ruby-2.5.0/lib/ruby/2.5.0" type="simple" />
            <root url="file://$USER_HOME$/.rvm/rubies/ruby-2.5.0/lib/ruby/2.5.0/x86_64-darwin16" type="simple" />
            <root url="file://$APPLICATION_PLUGINS_DIR$/ruby/rubystubs/rubystubs25" type="simple" />
          </root>
        </classPath>
        <javadocPath>
          <root type="composite" />
        </javadocPath>
        <sourcePath>
          <root type="composite">
            <root url="file://$USER_HOME$/.rvm/gems/ruby-2.5.0@global/gems/did_you_mean-1.2.0/lib" type="simple" />
            <root url="file://$USER_HOME$/.rvm/rubies/ruby-2.5.0/lib/ruby/site_ruby/2.5.0" type="simple" />
            <root url="file://$USER_HOME$/.rvm/rubies/ruby-2.5.0/lib/ruby/site_ruby/2.5.0/x86_64-darwin16" type="simple" />
            <root url="file://$USER_HOME$/.rvm/rubies/ruby-2.5.0/lib/ruby/site_ruby" type="simple" />
            <root url="file://$USER_HOME$/.rvm/rubies/ruby-2.5.0/lib/ruby/vendor_ruby/2.5.0" type="simple" />
            <root url="file://$USER_HOME$/.rvm/rubies/ruby-2.5.0/lib/ruby/vendor_ruby/2.5.0/x86_64-darwin16" type="simple" />
            <root url="file://$USER_HOME$/.rvm/rubies/ruby-2.5.0/lib/ruby/vendor_ruby" type="simple" />
            <root url="file://$USER_HOME$/.rvm/rubies/ruby-2.5.0/lib/ruby/2.5.0" type="simple" />
            <root url="file://$USER_HOME$/.rvm/rubies/ruby-2.5.0/lib/ruby/2.5.0/x86_64-darwin16" type="simple" />
            <root url="file://$APPLICATION_PLUGINS_DIR$/ruby/rubystubs/rubystubs25" type="simple" />
          </root>
        </sourcePath>
      </roots>
      <additional NORMALIZED_VERSION_STRING="ver.2.5.0p0 ( revision 61468) p0" GEMS_BIN_DIR_PATH="$USER_HOME$/.rvm/gems/ruby-2.5.0/bin">
        <VERSION_MANAGER ID="rvm">
          <distribution-id>ruby-2.5.0</distribution-id>
          <version-manager-path>$USER_HOME$/.rvm/bin/rvm</version-manager-path>
        </VERSION_MANAGER>
      </additional>
    </jdk>
    <jdk version="2">
      <name value="RVM: ruby-2.5.0 [global]" />
      <type value="RUBY_SDK" />
      <version value="ver.2.5.0p0 ( revision 61468) p0" />
      <homePath value="$USER_HOME$/.rvm/rubies/ruby-2.5.0/bin/ruby" />
      <roots>
        <annotationsPath>
          <root type="composite" />
        </annotationsPath>
        <classPath>
          <root type="composite">
            <root url="file://$USER_HOME$/.rvm/gems/ruby-2.5.0@global/gems/did_you_mean-1.2.0/lib" type="simple" />
            <root url="file://$USER_HOME$/.rvm/rubies/ruby-2.5.0/lib/ruby/site_ruby/2.5.0" type="simple" />
            <root url="file://$USER_HOME$/.rvm/rubies/ruby-2.5.0/lib/ruby/site_ruby/2.5.0/x86_64-darwin16" type="simple" />
            <root url="file://$USER_HOME$/.rvm/rubies/ruby-2.5.0/lib/ruby/site_ruby" type="simple" />
            <root url="file://$USER_HOME$/.rvm/rubies/ruby-2.5.0/lib/ruby/vendor_ruby/2.5.0" type="simple" />
            <root url="file://$USER_HOME$/.rvm/rubies/ruby-2.5.0/lib/ruby/vendor_ruby/2.5.0/x86_64-darwin16" type="simple" />
            <root url="file://$USER_HOME$/.rvm/rubies/ruby-2.5.0/lib/ruby/vendor_ruby" type="simple" />
            <root url="file://$USER_HOME$/.rvm/rubies/ruby-2.5.0/lib/ruby/2.5.0" type="simple" />
            <root url="file://$USER_HOME$/.rvm/rubies/ruby-2.5.0/lib/ruby/2.5.0/x86_64-darwin16" type="simple" />
            <root url="file://$APPLICATION_PLUGINS_DIR$/ruby/rubystubs/rubystubs25" type="simple" />
          </root>
        </classPath>
        <javadocPath>
          <root type="composite" />
        </javadocPath>
        <sourcePath>
          <root type="composite">
            <root url="file://$USER_HOME$/.rvm/gems/ruby-2.5.0@global/gems/did_you_mean-1.2.0/lib" type="simple" />
            <root url="file://$USER_HOME$/.rvm/rubies/ruby-2.5.0/lib/ruby/site_ruby/2.5.0" type="simple" />
            <root url="file://$USER_HOME$/.rvm/rubies/ruby-2.5.0/lib/ruby/site_ruby/2.5.0/x86_64-darwin16" type="simple" />
            <root url="file://$USER_HOME$/.rvm/rubies/ruby-2.5.0/lib/ruby/site_ruby" type="simple" />
            <root url="file://$USER_HOME$/.rvm/rubies/ruby-2.5.0/lib/ruby/vendor_ruby/2.5.0" type="simple" />
            <root url="file://$USER_HOME$/.rvm/rubies/ruby-2.5.0/lib/ruby/vendor_ruby/2.5.0/x86_64-darwin16" type="simple" />
            <root url="file://$USER_HOME$/.rvm/rubies/ruby-2.5.0/lib/ruby/vendor_ruby" type="simple" />
            <root url="file://$USER_HOME$/.rvm/rubies/ruby-2.5.0/lib/ruby/2.5.0" type="simple" />
            <root url="file://$USER_HOME$/.rvm/rubies/ruby-2.5.0/lib/ruby/2.5.0/x86_64-darwin16" type="simple" />
            <root url="file://$APPLICATION_PLUGINS_DIR$/ruby/rubystubs/rubystubs25" type="simple" />
          </root>
        </sourcePath>
      </roots>
      <additional NORMALIZED_VERSION_STRING="ver.2.5.0p0 ( revision 61468) p0" GEMS_BIN_DIR_PATH="$USER_HOME$/.rvm/gems/ruby-2.5.0@global/bin">
        <VERSION_MANAGER ID="rvm">
          <distribution-id>ruby-2.5.0@global</distribution-id>
          <version-manager-path>$USER_HOME$/.rvm/bin/rvm</version-manager-path>
        </VERSION_MANAGER>
      </additional>
    </jdk>
    <jdk version="2">
      <name value="RVM: ruby-2.5.1" />
      <type value="RUBY_SDK" />
      <version value="ver.2.5.1p57 ( revision 63029) p57" />
      <homePath value="$USER_HOME$/.rvm/rubies/ruby-2.5.1/bin/ruby" />
      <roots>
        <annotationsPath>
          <root type="composite" />
        </annotationsPath>
        <classPath>
          <root type="composite">
            <root url="file://$USER_HOME$/.rvm/gems/ruby-2.5.1@global/gems/did_you_mean-1.2.0/lib" type="simple" />
            <root url="file://$USER_HOME$/.rvm/rubies/ruby-2.5.1/lib/ruby/site_ruby/2.5.0" type="simple" />
            <root url="file://$USER_HOME$/.rvm/rubies/ruby-2.5.1/lib/ruby/site_ruby/2.5.0/x86_64-darwin16" type="simple" />
            <root url="file://$USER_HOME$/.rvm/rubies/ruby-2.5.1/lib/ruby/site_ruby" type="simple" />
            <root url="file://$USER_HOME$/.rvm/rubies/ruby-2.5.1/lib/ruby/vendor_ruby/2.5.0" type="simple" />
            <root url="file://$USER_HOME$/.rvm/rubies/ruby-2.5.1/lib/ruby/vendor_ruby/2.5.0/x86_64-darwin16" type="simple" />
            <root url="file://$USER_HOME$/.rvm/rubies/ruby-2.5.1/lib/ruby/vendor_ruby" type="simple" />
            <root url="file://$USER_HOME$/.rvm/rubies/ruby-2.5.1/lib/ruby/2.5.0" type="simple" />
            <root url="file://$USER_HOME$/.rvm/rubies/ruby-2.5.1/lib/ruby/2.5.0/x86_64-darwin16" type="simple" />
            <root url="file://$APPLICATION_PLUGINS_DIR$/ruby/rubystubs/rubystubs25" type="simple" />
          </root>
        </classPath>
        <javadocPath>
          <root type="composite" />
        </javadocPath>
        <sourcePath>
          <root type="composite">
            <root url="file://$USER_HOME$/.rvm/gems/ruby-2.5.1@global/gems/did_you_mean-1.2.0/lib" type="simple" />
            <root url="file://$USER_HOME$/.rvm/rubies/ruby-2.5.1/lib/ruby/site_ruby/2.5.0" type="simple" />
            <root url="file://$USER_HOME$/.rvm/rubies/ruby-2.5.1/lib/ruby/site_ruby/2.5.0/x86_64-darwin16" type="simple" />
            <root url="file://$USER_HOME$/.rvm/rubies/ruby-2.5.1/lib/ruby/site_ruby" type="simple" />
            <root url="file://$USER_HOME$/.rvm/rubies/ruby-2.5.1/lib/ruby/vendor_ruby/2.5.0" type="simple" />
            <root url="file://$USER_HOME$/.rvm/rubies/ruby-2.5.1/lib/ruby/vendor_ruby/2.5.0/x86_64-darwin16" type="simple" />
            <root url="file://$USER_HOME$/.rvm/rubies/ruby-2.5.1/lib/ruby/vendor_ruby" type="simple" />
            <root url="file://$USER_HOME$/.rvm/rubies/ruby-2.5.1/lib/ruby/2.5.0" type="simple" />
            <root url="file://$USER_HOME$/.rvm/rubies/ruby-2.5.1/lib/ruby/2.5.0/x86_64-darwin16" type="simple" />
            <root url="file://$APPLICATION_PLUGINS_DIR$/ruby/rubystubs/rubystubs25" type="simple" />
          </root>
        </sourcePath>
      </roots>
      <additional NORMALIZED_VERSION_STRING="ver.2.5.1p57 ( revision 63029) p57" GEMS_BIN_DIR_PATH="$USER_HOME$/.rvm/gems/ruby-2.5.1/bin">
        <VERSION_MANAGER ID="rvm">
          <distribution-id>ruby-2.5.1</distribution-id>
          <version-manager-path>$USER_HOME$/.rvm/bin/rvm</version-manager-path>
        </VERSION_MANAGER>
      </additional>
    </jdk>
    <jdk version="2">
      <name value="RVM: ruby-2.5.1 [global]" />
      <type value="RUBY_SDK" />
      <version value="ver.2.5.1p57 ( revision 63029) p57" />
      <homePath value="$USER_HOME$/.rvm/rubies/ruby-2.5.1/bin/ruby" />
      <roots>
        <annotationsPath>
          <root type="composite" />
        </annotationsPath>
        <classPath>
          <root type="composite">
            <root url="file://$USER_HOME$/.rvm/gems/ruby-2.5.1@global/gems/did_you_mean-1.2.0/lib" type="simple" />
            <root url="file://$USER_HOME$/.rvm/rubies/ruby-2.5.1/lib/ruby/site_ruby/2.5.0" type="simple" />
            <root url="file://$USER_HOME$/.rvm/rubies/ruby-2.5.1/lib/ruby/site_ruby/2.5.0/x86_64-darwin16" type="simple" />
            <root url="file://$USER_HOME$/.rvm/rubies/ruby-2.5.1/lib/ruby/site_ruby" type="simple" />
            <root url="file://$USER_HOME$/.rvm/rubies/ruby-2.5.1/lib/ruby/vendor_ruby/2.5.0" type="simple" />
            <root url="file://$USER_HOME$/.rvm/rubies/ruby-2.5.1/lib/ruby/vendor_ruby/2.5.0/x86_64-darwin16" type="simple" />
            <root url="file://$USER_HOME$/.rvm/rubies/ruby-2.5.1/lib/ruby/vendor_ruby" type="simple" />
            <root url="file://$USER_HOME$/.rvm/rubies/ruby-2.5.1/lib/ruby/2.5.0" type="simple" />
            <root url="file://$USER_HOME$/.rvm/rubies/ruby-2.5.1/lib/ruby/2.5.0/x86_64-darwin16" type="simple" />
            <root url="file://$APPLICATION_PLUGINS_DIR$/ruby/rubystubs/rubystubs25" type="simple" />
          </root>
        </classPath>
        <javadocPath>
          <root type="composite" />
        </javadocPath>
        <sourcePath>
          <root type="composite">
            <root url="file://$USER_HOME$/.rvm/gems/ruby-2.5.1@global/gems/did_you_mean-1.2.0/lib" type="simple" />
            <root url="file://$USER_HOME$/.rvm/rubies/ruby-2.5.1/lib/ruby/site_ruby/2.5.0" type="simple" />
            <root url="file://$USER_HOME$/.rvm/rubies/ruby-2.5.1/lib/ruby/site_ruby/2.5.0/x86_64-darwin16" type="simple" />
            <root url="file://$USER_HOME$/.rvm/rubies/ruby-2.5.1/lib/ruby/site_ruby" type="simple" />
            <root url="file://$USER_HOME$/.rvm/rubies/ruby-2.5.1/lib/ruby/vendor_ruby/2.5.0" type="simple" />
            <root url="file://$USER_HOME$/.rvm/rubies/ruby-2.5.1/lib/ruby/vendor_ruby/2.5.0/x86_64-darwin16" type="simple" />
            <root url="file://$USER_HOME$/.rvm/rubies/ruby-2.5.1/lib/ruby/vendor_ruby" type="simple" />
            <root url="file://$USER_HOME$/.rvm/rubies/ruby-2.5.1/lib/ruby/2.5.0" type="simple" />
            <root url="file://$USER_HOME$/.rvm/rubies/ruby-2.5.1/lib/ruby/2.5.0/x86_64-darwin16" type="simple" />
            <root url="file://$APPLICATION_PLUGINS_DIR$/ruby/rubystubs/rubystubs25" type="simple" />
          </root>
        </sourcePath>
      </roots>
      <additional NORMALIZED_VERSION_STRING="ver.2.5.1p57 ( revision 63029) p57" GEMS_BIN_DIR_PATH="$USER_HOME$/.rvm/gems/ruby-2.5.1@global/bin">
        <VERSION_MANAGER ID="rvm">
          <distribution-id>ruby-2.5.1@global</distribution-id>
          <version-manager-path>$USER_HOME$/.rvm/bin/rvm</version-manager-path>
        </VERSION_MANAGER>
      </additional>
    </jdk>
    <jdk version="2">
      <name value="RVM: ruby-1.9.3-p327" />
      <type value="RUBY_SDK" />
      <version value="ver.1.9.3p327 ( revision 37606) p327" />
      <homePath value="$USER_HOME$/.rvm/rubies/ruby-1.9.3-p327/bin/ruby" />
      <roots>
        <annotationsPath>
          <root type="composite" />
        </annotationsPath>
        <classPath>
          <root type="composite">
            <root url="file://$USER_HOME$/.rvm/rubies/ruby-1.9.3-p327/lib/ruby/site_ruby/1.9.1" type="simple" />
            <root url="file://$USER_HOME$/.rvm/rubies/ruby-1.9.3-p327/lib/ruby/site_ruby/1.9.1/x86_64-darwin16.7.0" type="simple" />
            <root url="file://$USER_HOME$/.rvm/rubies/ruby-1.9.3-p327/lib/ruby/site_ruby" type="simple" />
            <root url="file://$USER_HOME$/.rvm/rubies/ruby-1.9.3-p327/lib/ruby/vendor_ruby/1.9.1" type="simple" />
            <root url="file://$USER_HOME$/.rvm/rubies/ruby-1.9.3-p327/lib/ruby/vendor_ruby/1.9.1/x86_64-darwin16.7.0" type="simple" />
            <root url="file://$USER_HOME$/.rvm/rubies/ruby-1.9.3-p327/lib/ruby/vendor_ruby" type="simple" />
            <root url="file://$USER_HOME$/.rvm/rubies/ruby-1.9.3-p327/lib/ruby/1.9.1" type="simple" />
            <root url="file://$USER_HOME$/.rvm/rubies/ruby-1.9.3-p327/lib/ruby/1.9.1/x86_64-darwin16.7.0" type="simple" />
            <root url="file://$APPLICATION_PLUGINS_DIR$/ruby/rubystubs/rubystubs193" type="simple" />
          </root>
        </classPath>
        <javadocPath>
          <root type="composite" />
        </javadocPath>
        <sourcePath>
          <root type="composite">
            <root url="file://$USER_HOME$/.rvm/rubies/ruby-1.9.3-p327/lib/ruby/site_ruby/1.9.1" type="simple" />
            <root url="file://$USER_HOME$/.rvm/rubies/ruby-1.9.3-p327/lib/ruby/site_ruby/1.9.1/x86_64-darwin16.7.0" type="simple" />
            <root url="file://$USER_HOME$/.rvm/rubies/ruby-1.9.3-p327/lib/ruby/site_ruby" type="simple" />
            <root url="file://$USER_HOME$/.rvm/rubies/ruby-1.9.3-p327/lib/ruby/vendor_ruby/1.9.1" type="simple" />
            <root url="file://$USER_HOME$/.rvm/rubies/ruby-1.9.3-p327/lib/ruby/vendor_ruby/1.9.1/x86_64-darwin16.7.0" type="simple" />
            <root url="file://$USER_HOME$/.rvm/rubies/ruby-1.9.3-p327/lib/ruby/vendor_ruby" type="simple" />
            <root url="file://$USER_HOME$/.rvm/rubies/ruby-1.9.3-p327/lib/ruby/1.9.1" type="simple" />
            <root url="file://$USER_HOME$/.rvm/rubies/ruby-1.9.3-p327/lib/ruby/1.9.1/x86_64-darwin16.7.0" type="simple" />
            <root url="file://$APPLICATION_PLUGINS_DIR$/ruby/rubystubs/rubystubs193" type="simple" />
          </root>
        </sourcePath>
      </roots>
      <additional NORMALIZED_VERSION_STRING="ver.1.9.3p327 ( revision 37606) p327" GEMS_BIN_DIR_PATH="$USER_HOME$/.rvm/gems/ruby-1.9.3-p327/bin">
        <VERSION_MANAGER ID="rvm">
          <distribution-id>ruby-1.9.3-p327</distribution-id>
          <version-manager-path>$USER_HOME$/.rvm/bin/rvm</version-manager-path>
        </VERSION_MANAGER>
      </additional>
    </jdk>
    <jdk version="2">
      <name value="RVM: ruby-1.9.3-p327 [global]" />
      <type value="RUBY_SDK" />
      <version value="ver.1.9.3p327 ( revision 37606) p327" />
      <homePath value="$USER_HOME$/.rvm/rubies/ruby-1.9.3-p327/bin/ruby" />
      <roots>
        <annotationsPath>
          <root type="composite" />
        </annotationsPath>
        <classPath>
          <root type="composite">
            <root url="file://$USER_HOME$/.rvm/rubies/ruby-1.9.3-p327/lib/ruby/site_ruby/1.9.1" type="simple" />
            <root url="file://$USER_HOME$/.rvm/rubies/ruby-1.9.3-p327/lib/ruby/site_ruby/1.9.1/x86_64-darwin16.7.0" type="simple" />
            <root url="file://$USER_HOME$/.rvm/rubies/ruby-1.9.3-p327/lib/ruby/site_ruby" type="simple" />
            <root url="file://$USER_HOME$/.rvm/rubies/ruby-1.9.3-p327/lib/ruby/vendor_ruby/1.9.1" type="simple" />
            <root url="file://$USER_HOME$/.rvm/rubies/ruby-1.9.3-p327/lib/ruby/vendor_ruby/1.9.1/x86_64-darwin16.7.0" type="simple" />
            <root url="file://$USER_HOME$/.rvm/rubies/ruby-1.9.3-p327/lib/ruby/vendor_ruby" type="simple" />
            <root url="file://$USER_HOME$/.rvm/rubies/ruby-1.9.3-p327/lib/ruby/1.9.1" type="simple" />
            <root url="file://$USER_HOME$/.rvm/rubies/ruby-1.9.3-p327/lib/ruby/1.9.1/x86_64-darwin16.7.0" type="simple" />
            <root url="file://$APPLICATION_PLUGINS_DIR$/ruby/rubystubs/rubystubs193" type="simple" />
          </root>
        </classPath>
        <javadocPath>
          <root type="composite" />
        </javadocPath>
        <sourcePath>
          <root type="composite">
            <root url="file://$USER_HOME$/.rvm/rubies/ruby-1.9.3-p327/lib/ruby/site_ruby/1.9.1" type="simple" />
            <root url="file://$USER_HOME$/.rvm/rubies/ruby-1.9.3-p327/lib/ruby/site_ruby/1.9.1/x86_64-darwin16.7.0" type="simple" />
            <root url="file://$USER_HOME$/.rvm/rubies/ruby-1.9.3-p327/lib/ruby/site_ruby" type="simple" />
            <root url="file://$USER_HOME$/.rvm/rubies/ruby-1.9.3-p327/lib/ruby/vendor_ruby/1.9.1" type="simple" />
            <root url="file://$USER_HOME$/.rvm/rubies/ruby-1.9.3-p327/lib/ruby/vendor_ruby/1.9.1/x86_64-darwin16.7.0" type="simple" />
            <root url="file://$USER_HOME$/.rvm/rubies/ruby-1.9.3-p327/lib/ruby/vendor_ruby" type="simple" />
            <root url="file://$USER_HOME$/.rvm/rubies/ruby-1.9.3-p327/lib/ruby/1.9.1" type="simple" />
            <root url="file://$USER_HOME$/.rvm/rubies/ruby-1.9.3-p327/lib/ruby/1.9.1/x86_64-darwin16.7.0" type="simple" />
            <root url="file://$APPLICATION_PLUGINS_DIR$/ruby/rubystubs/rubystubs193" type="simple" />
          </root>
        </sourcePath>
      </roots>
      <additional NORMALIZED_VERSION_STRING="ver.1.9.3p327 ( revision 37606) p327" GEMS_BIN_DIR_PATH="$USER_HOME$/.rvm/gems/ruby-1.9.3-p327@global/bin">
        <VERSION_MANAGER ID="rvm">
          <distribution-id>ruby-1.9.3-p327@global</distribution-id>
          <version-manager-path>$USER_HOME$/.rvm/bin/rvm</version-manager-path>
        </VERSION_MANAGER>
      </additional>
    </jdk>
    <jdk version="2">
      <name value="Haskell Tool Stack" />
      <type value="Haskell Tool Stack SDK" />
      <version value="2.3.1&#10;" />
      <homePath value="/usr/local/bin/stack" />
      <roots>
        <annotationsPath>
          <root type="composite" />
        </annotationsPath>
        <classPath>
          <root type="composite" />
        </classPath>
        <javadocPath>
          <root type="composite" />
        </javadocPath>
        <sourcePath>
          <root type="composite" />
        </sourcePath>
      </roots>
      <additional />
    </jdk>
    <jdk version="2">
      <name value="11" />
      <type value="JavaSDK" />
      <version value="java version &quot;11.0.9&quot;" />
      <homePath value="/Library/Java/JavaVirtualMachines/adoptopenjdk-11.jdk/Contents/Home" />
      <roots>
        <annotationsPath>
          <root type="composite">
            <root url="jar://$APPLICATION_HOME_DIR$/plugins/java/lib/jdkAnnotations.jar!/" type="simple" />
          </root>
        </annotationsPath>
        <classPath>
          <root type="composite">
            <root url="jrt:///Library/Java/JavaVirtualMachines/adoptopenjdk-11.jdk/Contents/Home!/java.base" type="simple" />
            <root url="jrt:///Library/Java/JavaVirtualMachines/adoptopenjdk-11.jdk/Contents/Home!/java.compiler" type="simple" />
            <root url="jrt:///Library/Java/JavaVirtualMachines/adoptopenjdk-11.jdk/Contents/Home!/java.datatransfer" type="simple" />
            <root url="jrt:///Library/Java/JavaVirtualMachines/adoptopenjdk-11.jdk/Contents/Home!/java.desktop" type="simple" />
            <root url="jrt:///Library/Java/JavaVirtualMachines/adoptopenjdk-11.jdk/Contents/Home!/java.instrument" type="simple" />
            <root url="jrt:///Library/Java/JavaVirtualMachines/adoptopenjdk-11.jdk/Contents/Home!/java.logging" type="simple" />
            <root url="jrt:///Library/Java/JavaVirtualMachines/adoptopenjdk-11.jdk/Contents/Home!/java.management" type="simple" />
            <root url="jrt:///Library/Java/JavaVirtualMachines/adoptopenjdk-11.jdk/Contents/Home!/java.management.rmi" type="simple" />
            <root url="jrt:///Library/Java/JavaVirtualMachines/adoptopenjdk-11.jdk/Contents/Home!/java.naming" type="simple" />
            <root url="jrt:///Library/Java/JavaVirtualMachines/adoptopenjdk-11.jdk/Contents/Home!/java.net.http" type="simple" />
            <root url="jrt:///Library/Java/JavaVirtualMachines/adoptopenjdk-11.jdk/Contents/Home!/java.prefs" type="simple" />
            <root url="jrt:///Library/Java/JavaVirtualMachines/adoptopenjdk-11.jdk/Contents/Home!/java.rmi" type="simple" />
            <root url="jrt:///Library/Java/JavaVirtualMachines/adoptopenjdk-11.jdk/Contents/Home!/java.scripting" type="simple" />
            <root url="jrt:///Library/Java/JavaVirtualMachines/adoptopenjdk-11.jdk/Contents/Home!/java.se" type="simple" />
            <root url="jrt:///Library/Java/JavaVirtualMachines/adoptopenjdk-11.jdk/Contents/Home!/java.security.jgss" type="simple" />
            <root url="jrt:///Library/Java/JavaVirtualMachines/adoptopenjdk-11.jdk/Contents/Home!/java.security.sasl" type="simple" />
            <root url="jrt:///Library/Java/JavaVirtualMachines/adoptopenjdk-11.jdk/Contents/Home!/java.smartcardio" type="simple" />
            <root url="jrt:///Library/Java/JavaVirtualMachines/adoptopenjdk-11.jdk/Contents/Home!/java.sql" type="simple" />
            <root url="jrt:///Library/Java/JavaVirtualMachines/adoptopenjdk-11.jdk/Contents/Home!/java.sql.rowset" type="simple" />
            <root url="jrt:///Library/Java/JavaVirtualMachines/adoptopenjdk-11.jdk/Contents/Home!/java.transaction.xa" type="simple" />
            <root url="jrt:///Library/Java/JavaVirtualMachines/adoptopenjdk-11.jdk/Contents/Home!/java.xml" type="simple" />
            <root url="jrt:///Library/Java/JavaVirtualMachines/adoptopenjdk-11.jdk/Contents/Home!/java.xml.crypto" type="simple" />
            <root url="jrt:///Library/Java/JavaVirtualMachines/adoptopenjdk-11.jdk/Contents/Home!/jdk.accessibility" type="simple" />
            <root url="jrt:///Library/Java/JavaVirtualMachines/adoptopenjdk-11.jdk/Contents/Home!/jdk.aot" type="simple" />
            <root url="jrt:///Library/Java/JavaVirtualMachines/adoptopenjdk-11.jdk/Contents/Home!/jdk.attach" type="simple" />
            <root url="jrt:///Library/Java/JavaVirtualMachines/adoptopenjdk-11.jdk/Contents/Home!/jdk.charsets" type="simple" />
            <root url="jrt:///Library/Java/JavaVirtualMachines/adoptopenjdk-11.jdk/Contents/Home!/jdk.compiler" type="simple" />
            <root url="jrt:///Library/Java/JavaVirtualMachines/adoptopenjdk-11.jdk/Contents/Home!/jdk.crypto.cryptoki" type="simple" />
            <root url="jrt:///Library/Java/JavaVirtualMachines/adoptopenjdk-11.jdk/Contents/Home!/jdk.crypto.ec" type="simple" />
            <root url="jrt:///Library/Java/JavaVirtualMachines/adoptopenjdk-11.jdk/Contents/Home!/jdk.dynalink" type="simple" />
            <root url="jrt:///Library/Java/JavaVirtualMachines/adoptopenjdk-11.jdk/Contents/Home!/jdk.editpad" type="simple" />
            <root url="jrt:///Library/Java/JavaVirtualMachines/adoptopenjdk-11.jdk/Contents/Home!/jdk.hotspot.agent" type="simple" />
            <root url="jrt:///Library/Java/JavaVirtualMachines/adoptopenjdk-11.jdk/Contents/Home!/jdk.httpserver" type="simple" />
            <root url="jrt:///Library/Java/JavaVirtualMachines/adoptopenjdk-11.jdk/Contents/Home!/jdk.internal.ed" type="simple" />
            <root url="jrt:///Library/Java/JavaVirtualMachines/adoptopenjdk-11.jdk/Contents/Home!/jdk.internal.jvmstat" type="simple" />
            <root url="jrt:///Library/Java/JavaVirtualMachines/adoptopenjdk-11.jdk/Contents/Home!/jdk.internal.le" type="simple" />
            <root url="jrt:///Library/Java/JavaVirtualMachines/adoptopenjdk-11.jdk/Contents/Home!/jdk.internal.opt" type="simple" />
            <root url="jrt:///Library/Java/JavaVirtualMachines/adoptopenjdk-11.jdk/Contents/Home!/jdk.internal.vm.ci" type="simple" />
            <root url="jrt:///Library/Java/JavaVirtualMachines/adoptopenjdk-11.jdk/Contents/Home!/jdk.internal.vm.compiler" type="simple" />
            <root url="jrt:///Library/Java/JavaVirtualMachines/adoptopenjdk-11.jdk/Contents/Home!/jdk.internal.vm.compiler.management" type="simple" />
            <root url="jrt:///Library/Java/JavaVirtualMachines/adoptopenjdk-11.jdk/Contents/Home!/jdk.jartool" type="simple" />
            <root url="jrt:///Library/Java/JavaVirtualMachines/adoptopenjdk-11.jdk/Contents/Home!/jdk.javadoc" type="simple" />
            <root url="jrt:///Library/Java/JavaVirtualMachines/adoptopenjdk-11.jdk/Contents/Home!/jdk.jcmd" type="simple" />
            <root url="jrt:///Library/Java/JavaVirtualMachines/adoptopenjdk-11.jdk/Contents/Home!/jdk.jconsole" type="simple" />
            <root url="jrt:///Library/Java/JavaVirtualMachines/adoptopenjdk-11.jdk/Contents/Home!/jdk.jdeps" type="simple" />
            <root url="jrt:///Library/Java/JavaVirtualMachines/adoptopenjdk-11.jdk/Contents/Home!/jdk.jdi" type="simple" />
            <root url="jrt:///Library/Java/JavaVirtualMachines/adoptopenjdk-11.jdk/Contents/Home!/jdk.jdwp.agent" type="simple" />
            <root url="jrt:///Library/Java/JavaVirtualMachines/adoptopenjdk-11.jdk/Contents/Home!/jdk.jfr" type="simple" />
            <root url="jrt:///Library/Java/JavaVirtualMachines/adoptopenjdk-11.jdk/Contents/Home!/jdk.jlink" type="simple" />
            <root url="jrt:///Library/Java/JavaVirtualMachines/adoptopenjdk-11.jdk/Contents/Home!/jdk.jshell" type="simple" />
            <root url="jrt:///Library/Java/JavaVirtualMachines/adoptopenjdk-11.jdk/Contents/Home!/jdk.jsobject" type="simple" />
            <root url="jrt:///Library/Java/JavaVirtualMachines/adoptopenjdk-11.jdk/Contents/Home!/jdk.jstatd" type="simple" />
            <root url="jrt:///Library/Java/JavaVirtualMachines/adoptopenjdk-11.jdk/Contents/Home!/jdk.localedata" type="simple" />
            <root url="jrt:///Library/Java/JavaVirtualMachines/adoptopenjdk-11.jdk/Contents/Home!/jdk.management" type="simple" />
            <root url="jrt:///Library/Java/JavaVirtualMachines/adoptopenjdk-11.jdk/Contents/Home!/jdk.management.agent" type="simple" />
            <root url="jrt:///Library/Java/JavaVirtualMachines/adoptopenjdk-11.jdk/Contents/Home!/jdk.management.jfr" type="simple" />
            <root url="jrt:///Library/Java/JavaVirtualMachines/adoptopenjdk-11.jdk/Contents/Home!/jdk.naming.dns" type="simple" />
            <root url="jrt:///Library/Java/JavaVirtualMachines/adoptopenjdk-11.jdk/Contents/Home!/jdk.naming.ldap" type="simple" />
            <root url="jrt:///Library/Java/JavaVirtualMachines/adoptopenjdk-11.jdk/Contents/Home!/jdk.naming.rmi" type="simple" />
            <root url="jrt:///Library/Java/JavaVirtualMachines/adoptopenjdk-11.jdk/Contents/Home!/jdk.net" type="simple" />
            <root url="jrt:///Library/Java/JavaVirtualMachines/adoptopenjdk-11.jdk/Contents/Home!/jdk.pack" type="simple" />
            <root url="jrt:///Library/Java/JavaVirtualMachines/adoptopenjdk-11.jdk/Contents/Home!/jdk.rmic" type="simple" />
            <root url="jrt:///Library/Java/JavaVirtualMachines/adoptopenjdk-11.jdk/Contents/Home!/jdk.scripting.nashorn" type="simple" />
            <root url="jrt:///Library/Java/JavaVirtualMachines/adoptopenjdk-11.jdk/Contents/Home!/jdk.scripting.nashorn.shell" type="simple" />
            <root url="jrt:///Library/Java/JavaVirtualMachines/adoptopenjdk-11.jdk/Contents/Home!/jdk.sctp" type="simple" />
            <root url="jrt:///Library/Java/JavaVirtualMachines/adoptopenjdk-11.jdk/Contents/Home!/jdk.security.auth" type="simple" />
            <root url="jrt:///Library/Java/JavaVirtualMachines/adoptopenjdk-11.jdk/Contents/Home!/jdk.security.jgss" type="simple" />
            <root url="jrt:///Library/Java/JavaVirtualMachines/adoptopenjdk-11.jdk/Contents/Home!/jdk.unsupported" type="simple" />
            <root url="jrt:///Library/Java/JavaVirtualMachines/adoptopenjdk-11.jdk/Contents/Home!/jdk.unsupported.desktop" type="simple" />
            <root url="jrt:///Library/Java/JavaVirtualMachines/adoptopenjdk-11.jdk/Contents/Home!/jdk.xml.dom" type="simple" />
            <root url="jrt:///Library/Java/JavaVirtualMachines/adoptopenjdk-11.jdk/Contents/Home!/jdk.zipfs" type="simple" />
            <root url="jrt:///Users/bartholomews/.jabba/jdk/openjdk@1.11.0/Contents/Home!/java.base" type="simple" />
            <root url="jrt:///Users/bartholomews/.jabba/jdk/openjdk@1.11.0/Contents/Home!/java.compiler" type="simple" />
            <root url="jrt:///Users/bartholomews/.jabba/jdk/openjdk@1.11.0/Contents/Home!/java.datatransfer" type="simple" />
            <root url="jrt:///Users/bartholomews/.jabba/jdk/openjdk@1.11.0/Contents/Home!/java.desktop" type="simple" />
            <root url="jrt:///Users/bartholomews/.jabba/jdk/openjdk@1.11.0/Contents/Home!/java.instrument" type="simple" />
            <root url="jrt:///Users/bartholomews/.jabba/jdk/openjdk@1.11.0/Contents/Home!/java.logging" type="simple" />
            <root url="jrt:///Users/bartholomews/.jabba/jdk/openjdk@1.11.0/Contents/Home!/java.management" type="simple" />
            <root url="jrt:///Users/bartholomews/.jabba/jdk/openjdk@1.11.0/Contents/Home!/java.management.rmi" type="simple" />
            <root url="jrt:///Users/bartholomews/.jabba/jdk/openjdk@1.11.0/Contents/Home!/java.naming" type="simple" />
            <root url="jrt:///Users/bartholomews/.jabba/jdk/openjdk@1.11.0/Contents/Home!/java.net.http" type="simple" />
            <root url="jrt:///Users/bartholomews/.jabba/jdk/openjdk@1.11.0/Contents/Home!/java.prefs" type="simple" />
            <root url="jrt:///Users/bartholomews/.jabba/jdk/openjdk@1.11.0/Contents/Home!/java.rmi" type="simple" />
            <root url="jrt:///Users/bartholomews/.jabba/jdk/openjdk@1.11.0/Contents/Home!/java.scripting" type="simple" />
            <root url="jrt:///Users/bartholomews/.jabba/jdk/openjdk@1.11.0/Contents/Home!/java.se" type="simple" />
            <root url="jrt:///Users/bartholomews/.jabba/jdk/openjdk@1.11.0/Contents/Home!/java.security.jgss" type="simple" />
            <root url="jrt:///Users/bartholomews/.jabba/jdk/openjdk@1.11.0/Contents/Home!/java.security.sasl" type="simple" />
            <root url="jrt:///Users/bartholomews/.jabba/jdk/openjdk@1.11.0/Contents/Home!/java.smartcardio" type="simple" />
            <root url="jrt:///Users/bartholomews/.jabba/jdk/openjdk@1.11.0/Contents/Home!/java.sql" type="simple" />
            <root url="jrt:///Users/bartholomews/.jabba/jdk/openjdk@1.11.0/Contents/Home!/java.sql.rowset" type="simple" />
            <root url="jrt:///Users/bartholomews/.jabba/jdk/openjdk@1.11.0/Contents/Home!/java.transaction.xa" type="simple" />
            <root url="jrt:///Users/bartholomews/.jabba/jdk/openjdk@1.11.0/Contents/Home!/java.xml" type="simple" />
            <root url="jrt:///Users/bartholomews/.jabba/jdk/openjdk@1.11.0/Contents/Home!/java.xml.crypto" type="simple" />
            <root url="jrt:///Users/bartholomews/.jabba/jdk/openjdk@1.11.0/Contents/Home!/jdk.accessibility" type="simple" />
            <root url="jrt:///Users/bartholomews/.jabba/jdk/openjdk@1.11.0/Contents/Home!/jdk.aot" type="simple" />
            <root url="jrt:///Users/bartholomews/.jabba/jdk/openjdk@1.11.0/Contents/Home!/jdk.attach" type="simple" />
            <root url="jrt:///Users/bartholomews/.jabba/jdk/openjdk@1.11.0/Contents/Home!/jdk.charsets" type="simple" />
            <root url="jrt:///Users/bartholomews/.jabba/jdk/openjdk@1.11.0/Contents/Home!/jdk.compiler" type="simple" />
            <root url="jrt:///Users/bartholomews/.jabba/jdk/openjdk@1.11.0/Contents/Home!/jdk.crypto.cryptoki" type="simple" />
            <root url="jrt:///Users/bartholomews/.jabba/jdk/openjdk@1.11.0/Contents/Home!/jdk.crypto.ec" type="simple" />
            <root url="jrt:///Users/bartholomews/.jabba/jdk/openjdk@1.11.0/Contents/Home!/jdk.dynalink" type="simple" />
            <root url="jrt:///Users/bartholomews/.jabba/jdk/openjdk@1.11.0/Contents/Home!/jdk.editpad" type="simple" />
            <root url="jrt:///Users/bartholomews/.jabba/jdk/openjdk@1.11.0/Contents/Home!/jdk.hotspot.agent" type="simple" />
            <root url="jrt:///Users/bartholomews/.jabba/jdk/openjdk@1.11.0/Contents/Home!/jdk.httpserver" type="simple" />
            <root url="jrt:///Users/bartholomews/.jabba/jdk/openjdk@1.11.0/Contents/Home!/jdk.internal.ed" type="simple" />
            <root url="jrt:///Users/bartholomews/.jabba/jdk/openjdk@1.11.0/Contents/Home!/jdk.internal.jvmstat" type="simple" />
            <root url="jrt:///Users/bartholomews/.jabba/jdk/openjdk@1.11.0/Contents/Home!/jdk.internal.le" type="simple" />
            <root url="jrt:///Users/bartholomews/.jabba/jdk/openjdk@1.11.0/Contents/Home!/jdk.internal.opt" type="simple" />
            <root url="jrt:///Users/bartholomews/.jabba/jdk/openjdk@1.11.0/Contents/Home!/jdk.internal.vm.ci" type="simple" />
            <root url="jrt:///Users/bartholomews/.jabba/jdk/openjdk@1.11.0/Contents/Home!/jdk.internal.vm.compiler" type="simple" />
            <root url="jrt:///Users/bartholomews/.jabba/jdk/openjdk@1.11.0/Contents/Home!/jdk.internal.vm.compiler.management" type="simple" />
            <root url="jrt:///Users/bartholomews/.jabba/jdk/openjdk@1.11.0/Contents/Home!/jdk.jartool" type="simple" />
            <root url="jrt:///Users/bartholomews/.jabba/jdk/openjdk@1.11.0/Contents/Home!/jdk.javadoc" type="simple" />
            <root url="jrt:///Users/bartholomews/.jabba/jdk/openjdk@1.11.0/Contents/Home!/jdk.jcmd" type="simple" />
            <root url="jrt:///Users/bartholomews/.jabba/jdk/openjdk@1.11.0/Contents/Home!/jdk.jconsole" type="simple" />
            <root url="jrt:///Users/bartholomews/.jabba/jdk/openjdk@1.11.0/Contents/Home!/jdk.jdeps" type="simple" />
            <root url="jrt:///Users/bartholomews/.jabba/jdk/openjdk@1.11.0/Contents/Home!/jdk.jdi" type="simple" />
            <root url="jrt:///Users/bartholomews/.jabba/jdk/openjdk@1.11.0/Contents/Home!/jdk.jdwp.agent" type="simple" />
            <root url="jrt:///Users/bartholomews/.jabba/jdk/openjdk@1.11.0/Contents/Home!/jdk.jfr" type="simple" />
            <root url="jrt:///Users/bartholomews/.jabba/jdk/openjdk@1.11.0/Contents/Home!/jdk.jlink" type="simple" />
            <root url="jrt:///Users/bartholomews/.jabba/jdk/openjdk@1.11.0/Contents/Home!/jdk.jshell" type="simple" />
            <root url="jrt:///Users/bartholomews/.jabba/jdk/openjdk@1.11.0/Contents/Home!/jdk.jsobject" type="simple" />
            <root url="jrt:///Users/bartholomews/.jabba/jdk/openjdk@1.11.0/Contents/Home!/jdk.jstatd" type="simple" />
            <root url="jrt:///Users/bartholomews/.jabba/jdk/openjdk@1.11.0/Contents/Home!/jdk.localedata" type="simple" />
            <root url="jrt:///Users/bartholomews/.jabba/jdk/openjdk@1.11.0/Contents/Home!/jdk.management" type="simple" />
            <root url="jrt:///Users/bartholomews/.jabba/jdk/openjdk@1.11.0/Contents/Home!/jdk.management.agent" type="simple" />
            <root url="jrt:///Users/bartholomews/.jabba/jdk/openjdk@1.11.0/Contents/Home!/jdk.management.jfr" type="simple" />
            <root url="jrt:///Users/bartholomews/.jabba/jdk/openjdk@1.11.0/Contents/Home!/jdk.naming.dns" type="simple" />
            <root url="jrt:///Users/bartholomews/.jabba/jdk/openjdk@1.11.0/Contents/Home!/jdk.naming.rmi" type="simple" />
            <root url="jrt:///Users/bartholomews/.jabba/jdk/openjdk@1.11.0/Contents/Home!/jdk.net" type="simple" />
            <root url="jrt:///Users/bartholomews/.jabba/jdk/openjdk@1.11.0/Contents/Home!/jdk.pack" type="simple" />
            <root url="jrt:///Users/bartholomews/.jabba/jdk/openjdk@1.11.0/Contents/Home!/jdk.rmic" type="simple" />
            <root url="jrt:///Users/bartholomews/.jabba/jdk/openjdk@1.11.0/Contents/Home!/jdk.scripting.nashorn" type="simple" />
            <root url="jrt:///Users/bartholomews/.jabba/jdk/openjdk@1.11.0/Contents/Home!/jdk.scripting.nashorn.shell" type="simple" />
            <root url="jrt:///Users/bartholomews/.jabba/jdk/openjdk@1.11.0/Contents/Home!/jdk.sctp" type="simple" />
            <root url="jrt:///Users/bartholomews/.jabba/jdk/openjdk@1.11.0/Contents/Home!/jdk.security.auth" type="simple" />
            <root url="jrt:///Users/bartholomews/.jabba/jdk/openjdk@1.11.0/Contents/Home!/jdk.security.jgss" type="simple" />
            <root url="jrt:///Users/bartholomews/.jabba/jdk/openjdk@1.11.0/Contents/Home!/jdk.unsupported" type="simple" />
            <root url="jrt:///Users/bartholomews/.jabba/jdk/openjdk@1.11.0/Contents/Home!/jdk.unsupported.desktop" type="simple" />
            <root url="jrt:///Users/bartholomews/.jabba/jdk/openjdk@1.11.0/Contents/Home!/jdk.xml.dom" type="simple" />
            <root url="jrt:///Users/bartholomews/.jabba/jdk/openjdk@1.11.0/Contents/Home!/jdk.zipfs" type="simple" />
          </root>
        </classPath>
        <javadocPath>
          <root type="composite" />
        </javadocPath>
        <sourcePath>
          <root type="composite">
            <root url="jar://$USER_HOME$/.jabba/jdk/openjdk@1.11.0/Contents/Home/lib/src.zip!/java.se" type="simple" />
            <root url="jar://$USER_HOME$/.jabba/jdk/openjdk@1.11.0/Contents/Home/lib/src.zip!/jdk.aot" type="simple" />
            <root url="jar://$USER_HOME$/.jabba/jdk/openjdk@1.11.0/Contents/Home/lib/src.zip!/jdk.jdi" type="simple" />
            <root url="jar://$USER_HOME$/.jabba/jdk/openjdk@1.11.0/Contents/Home/lib/src.zip!/jdk.jfr" type="simple" />
            <root url="jar://$USER_HOME$/.jabba/jdk/openjdk@1.11.0/Contents/Home/lib/src.zip!/jdk.net" type="simple" />
            <root url="jar://$USER_HOME$/.jabba/jdk/openjdk@1.11.0/Contents/Home/lib/src.zip!/java.rmi" type="simple" />
            <root url="jar://$USER_HOME$/.jabba/jdk/openjdk@1.11.0/Contents/Home/lib/src.zip!/java.sql" type="simple" />
            <root url="jar://$USER_HOME$/.jabba/jdk/openjdk@1.11.0/Contents/Home/lib/src.zip!/java.xml" type="simple" />
            <root url="jar://$USER_HOME$/.jabba/jdk/openjdk@1.11.0/Contents/Home/lib/src.zip!/jdk.jcmd" type="simple" />
            <root url="jar://$USER_HOME$/.jabba/jdk/openjdk@1.11.0/Contents/Home/lib/src.zip!/jdk.pack" type="simple" />
            <root url="jar://$USER_HOME$/.jabba/jdk/openjdk@1.11.0/Contents/Home/lib/src.zip!/jdk.rmic" type="simple" />
            <root url="jar://$USER_HOME$/.jabba/jdk/openjdk@1.11.0/Contents/Home/lib/src.zip!/jdk.sctp" type="simple" />
            <root url="jar://$USER_HOME$/.jabba/jdk/openjdk@1.11.0/Contents/Home/lib/src.zip!/java.base" type="simple" />
            <root url="jar://$USER_HOME$/.jabba/jdk/openjdk@1.11.0/Contents/Home/lib/src.zip!/jdk.jdeps" type="simple" />
            <root url="jar://$USER_HOME$/.jabba/jdk/openjdk@1.11.0/Contents/Home/lib/src.zip!/jdk.jlink" type="simple" />
            <root url="jar://$USER_HOME$/.jabba/jdk/openjdk@1.11.0/Contents/Home/lib/src.zip!/jdk.zipfs" type="simple" />
            <root url="jar://$USER_HOME$/.jabba/jdk/openjdk@1.11.0/Contents/Home/lib/src.zip!/java.prefs" type="simple" />
            <root url="jar://$USER_HOME$/.jabba/jdk/openjdk@1.11.0/Contents/Home/lib/src.zip!/jdk.attach" type="simple" />
            <root url="jar://$USER_HOME$/.jabba/jdk/openjdk@1.11.0/Contents/Home/lib/src.zip!/jdk.jshell" type="simple" />
            <root url="jar://$USER_HOME$/.jabba/jdk/openjdk@1.11.0/Contents/Home/lib/src.zip!/jdk.jstatd" type="simple" />
            <root url="jar://$USER_HOME$/.jabba/jdk/openjdk@1.11.0/Contents/Home/lib/src.zip!/java.naming" type="simple" />
            <root url="jar://$USER_HOME$/.jabba/jdk/openjdk@1.11.0/Contents/Home/lib/src.zip!/jdk.editpad" type="simple" />
            <root url="jar://$USER_HOME$/.jabba/jdk/openjdk@1.11.0/Contents/Home/lib/src.zip!/jdk.jartool" type="simple" />
            <root url="jar://$USER_HOME$/.jabba/jdk/openjdk@1.11.0/Contents/Home/lib/src.zip!/jdk.javadoc" type="simple" />
            <root url="jar://$USER_HOME$/.jabba/jdk/openjdk@1.11.0/Contents/Home/lib/src.zip!/jdk.xml.dom" type="simple" />
            <root url="jar://$USER_HOME$/.jabba/jdk/openjdk@1.11.0/Contents/Home/lib/src.zip!/java.desktop" type="simple" />
            <root url="jar://$USER_HOME$/.jabba/jdk/openjdk@1.11.0/Contents/Home/lib/src.zip!/java.logging" type="simple" />
            <root url="jar://$USER_HOME$/.jabba/jdk/openjdk@1.11.0/Contents/Home/lib/src.zip!/jdk.charsets" type="simple" />
            <root url="jar://$USER_HOME$/.jabba/jdk/openjdk@1.11.0/Contents/Home/lib/src.zip!/jdk.compiler" type="simple" />
            <root url="jar://$USER_HOME$/.jabba/jdk/openjdk@1.11.0/Contents/Home/lib/src.zip!/jdk.dynalink" type="simple" />
            <root url="jar://$USER_HOME$/.jabba/jdk/openjdk@1.11.0/Contents/Home/lib/src.zip!/jdk.jconsole" type="simple" />
            <root url="jar://$USER_HOME$/.jabba/jdk/openjdk@1.11.0/Contents/Home/lib/src.zip!/jdk.jsobject" type="simple" />
            <root url="jar://$USER_HOME$/.jabba/jdk/openjdk@1.11.0/Contents/Home/lib/src.zip!/java.compiler" type="simple" />
            <root url="jar://$USER_HOME$/.jabba/jdk/openjdk@1.11.0/Contents/Home/lib/src.zip!/java.net.http" type="simple" />
            <root url="jar://$USER_HOME$/.jabba/jdk/openjdk@1.11.0/Contents/Home/lib/src.zip!/jdk.crypto.ec" type="simple" />
            <root url="jar://$USER_HOME$/.jabba/jdk/openjdk@1.11.0/Contents/Home/lib/src.zip!/java.scripting" type="simple" />
            <root url="jar://$USER_HOME$/.jabba/jdk/openjdk@1.11.0/Contents/Home/lib/src.zip!/jdk.httpserver" type="simple" />
            <root url="jar://$USER_HOME$/.jabba/jdk/openjdk@1.11.0/Contents/Home/lib/src.zip!/jdk.jdwp.agent" type="simple" />
            <root url="jar://$USER_HOME$/.jabba/jdk/openjdk@1.11.0/Contents/Home/lib/src.zip!/jdk.localedata" type="simple" />
            <root url="jar://$USER_HOME$/.jabba/jdk/openjdk@1.11.0/Contents/Home/lib/src.zip!/jdk.management" type="simple" />
            <root url="jar://$USER_HOME$/.jabba/jdk/openjdk@1.11.0/Contents/Home/lib/src.zip!/jdk.naming.dns" type="simple" />
            <root url="jar://$USER_HOME$/.jabba/jdk/openjdk@1.11.0/Contents/Home/lib/src.zip!/jdk.naming.rmi" type="simple" />
            <root url="jar://$USER_HOME$/.jabba/jdk/openjdk@1.11.0/Contents/Home/lib/src.zip!/java.instrument" type="simple" />
            <root url="jar://$USER_HOME$/.jabba/jdk/openjdk@1.11.0/Contents/Home/lib/src.zip!/java.management" type="simple" />
            <root url="jar://$USER_HOME$/.jabba/jdk/openjdk@1.11.0/Contents/Home/lib/src.zip!/java.sql.rowset" type="simple" />
            <root url="jar://$USER_HOME$/.jabba/jdk/openjdk@1.11.0/Contents/Home/lib/src.zip!/java.xml.crypto" type="simple" />
            <root url="jar://$USER_HOME$/.jabba/jdk/openjdk@1.11.0/Contents/Home/lib/src.zip!/jdk.internal.ed" type="simple" />
            <root url="jar://$USER_HOME$/.jabba/jdk/openjdk@1.11.0/Contents/Home/lib/src.zip!/jdk.internal.le" type="simple" />
            <root url="jar://$USER_HOME$/.jabba/jdk/openjdk@1.11.0/Contents/Home/lib/src.zip!/jdk.unsupported" type="simple" />
            <root url="jar://$USER_HOME$/.jabba/jdk/openjdk@1.11.0/Contents/Home/lib/src.zip!/java.smartcardio" type="simple" />
            <root url="jar://$USER_HOME$/.jabba/jdk/openjdk@1.11.0/Contents/Home/lib/src.zip!/jdk.internal.opt" type="simple" />
            <root url="jar://$USER_HOME$/.jabba/jdk/openjdk@1.11.0/Contents/Home/lib/src.zip!/java.datatransfer" type="simple" />
            <root url="jar://$USER_HOME$/.jabba/jdk/openjdk@1.11.0/Contents/Home/lib/src.zip!/jdk.accessibility" type="simple" />
            <root url="jar://$USER_HOME$/.jabba/jdk/openjdk@1.11.0/Contents/Home/lib/src.zip!/jdk.hotspot.agent" type="simple" />
            <root url="jar://$USER_HOME$/.jabba/jdk/openjdk@1.11.0/Contents/Home/lib/src.zip!/jdk.security.auth" type="simple" />
            <root url="jar://$USER_HOME$/.jabba/jdk/openjdk@1.11.0/Contents/Home/lib/src.zip!/jdk.security.jgss" type="simple" />
            <root url="jar://$USER_HOME$/.jabba/jdk/openjdk@1.11.0/Contents/Home/lib/src.zip!/java.security.jgss" type="simple" />
            <root url="jar://$USER_HOME$/.jabba/jdk/openjdk@1.11.0/Contents/Home/lib/src.zip!/java.security.sasl" type="simple" />
            <root url="jar://$USER_HOME$/.jabba/jdk/openjdk@1.11.0/Contents/Home/lib/src.zip!/jdk.internal.vm.ci" type="simple" />
            <root url="jar://$USER_HOME$/.jabba/jdk/openjdk@1.11.0/Contents/Home/lib/src.zip!/jdk.management.jfr" type="simple" />
            <root url="jar://$USER_HOME$/.jabba/jdk/openjdk@1.11.0/Contents/Home/lib/src.zip!/java.management.rmi" type="simple" />
            <root url="jar://$USER_HOME$/.jabba/jdk/openjdk@1.11.0/Contents/Home/lib/src.zip!/java.transaction.xa" type="simple" />
            <root url="jar://$USER_HOME$/.jabba/jdk/openjdk@1.11.0/Contents/Home/lib/src.zip!/jdk.crypto.cryptoki" type="simple" />
            <root url="jar://$USER_HOME$/.jabba/jdk/openjdk@1.11.0/Contents/Home/lib/src.zip!/jdk.internal.jvmstat" type="simple" />
            <root url="jar://$USER_HOME$/.jabba/jdk/openjdk@1.11.0/Contents/Home/lib/src.zip!/jdk.management.agent" type="simple" />
            <root url="jar://$USER_HOME$/.jabba/jdk/openjdk@1.11.0/Contents/Home/lib/src.zip!/jdk.scripting.nashorn" type="simple" />
            <root url="jar://$USER_HOME$/.jabba/jdk/openjdk@1.11.0/Contents/Home/lib/src.zip!/jdk.unsupported.desktop" type="simple" />
            <root url="jar://$USER_HOME$/.jabba/jdk/openjdk@1.11.0/Contents/Home/lib/src.zip!/jdk.internal.vm.compiler" type="simple" />
            <root url="jar://$USER_HOME$/.jabba/jdk/openjdk@1.11.0/Contents/Home/lib/src.zip!/jdk.scripting.nashorn.shell" type="simple" />
            <root url="jar://$USER_HOME$/.jabba/jdk/openjdk@1.11.0/Contents/Home/lib/src.zip!/jdk.internal.vm.compiler.management" type="simple" />
            <root url="jar:///Library/Java/JavaVirtualMachines/adoptopenjdk-11.jdk/Contents/Home/lib/src.zip!/java.se" type="simple" />
            <root url="jar:///Library/Java/JavaVirtualMachines/adoptopenjdk-11.jdk/Contents/Home/lib/src.zip!/jdk.aot" type="simple" />
            <root url="jar:///Library/Java/JavaVirtualMachines/adoptopenjdk-11.jdk/Contents/Home/lib/src.zip!/jdk.jdi" type="simple" />
            <root url="jar:///Library/Java/JavaVirtualMachines/adoptopenjdk-11.jdk/Contents/Home/lib/src.zip!/jdk.jfr" type="simple" />
            <root url="jar:///Library/Java/JavaVirtualMachines/adoptopenjdk-11.jdk/Contents/Home/lib/src.zip!/jdk.net" type="simple" />
            <root url="jar:///Library/Java/JavaVirtualMachines/adoptopenjdk-11.jdk/Contents/Home/lib/src.zip!/java.rmi" type="simple" />
            <root url="jar:///Library/Java/JavaVirtualMachines/adoptopenjdk-11.jdk/Contents/Home/lib/src.zip!/java.sql" type="simple" />
            <root url="jar:///Library/Java/JavaVirtualMachines/adoptopenjdk-11.jdk/Contents/Home/lib/src.zip!/java.xml" type="simple" />
            <root url="jar:///Library/Java/JavaVirtualMachines/adoptopenjdk-11.jdk/Contents/Home/lib/src.zip!/jdk.jcmd" type="simple" />
            <root url="jar:///Library/Java/JavaVirtualMachines/adoptopenjdk-11.jdk/Contents/Home/lib/src.zip!/jdk.pack" type="simple" />
            <root url="jar:///Library/Java/JavaVirtualMachines/adoptopenjdk-11.jdk/Contents/Home/lib/src.zip!/jdk.rmic" type="simple" />
            <root url="jar:///Library/Java/JavaVirtualMachines/adoptopenjdk-11.jdk/Contents/Home/lib/src.zip!/jdk.sctp" type="simple" />
            <root url="jar:///Library/Java/JavaVirtualMachines/adoptopenjdk-11.jdk/Contents/Home/lib/src.zip!/java.base" type="simple" />
            <root url="jar:///Library/Java/JavaVirtualMachines/adoptopenjdk-11.jdk/Contents/Home/lib/src.zip!/jdk.jdeps" type="simple" />
            <root url="jar:///Library/Java/JavaVirtualMachines/adoptopenjdk-11.jdk/Contents/Home/lib/src.zip!/jdk.jlink" type="simple" />
            <root url="jar:///Library/Java/JavaVirtualMachines/adoptopenjdk-11.jdk/Contents/Home/lib/src.zip!/jdk.zipfs" type="simple" />
            <root url="jar:///Library/Java/JavaVirtualMachines/adoptopenjdk-11.jdk/Contents/Home/lib/src.zip!/java.prefs" type="simple" />
            <root url="jar:///Library/Java/JavaVirtualMachines/adoptopenjdk-11.jdk/Contents/Home/lib/src.zip!/jdk.attach" type="simple" />
            <root url="jar:///Library/Java/JavaVirtualMachines/adoptopenjdk-11.jdk/Contents/Home/lib/src.zip!/jdk.jshell" type="simple" />
            <root url="jar:///Library/Java/JavaVirtualMachines/adoptopenjdk-11.jdk/Contents/Home/lib/src.zip!/jdk.jstatd" type="simple" />
            <root url="jar:///Library/Java/JavaVirtualMachines/adoptopenjdk-11.jdk/Contents/Home/lib/src.zip!/java.naming" type="simple" />
            <root url="jar:///Library/Java/JavaVirtualMachines/adoptopenjdk-11.jdk/Contents/Home/lib/src.zip!/jdk.editpad" type="simple" />
            <root url="jar:///Library/Java/JavaVirtualMachines/adoptopenjdk-11.jdk/Contents/Home/lib/src.zip!/jdk.jartool" type="simple" />
            <root url="jar:///Library/Java/JavaVirtualMachines/adoptopenjdk-11.jdk/Contents/Home/lib/src.zip!/jdk.javadoc" type="simple" />
            <root url="jar:///Library/Java/JavaVirtualMachines/adoptopenjdk-11.jdk/Contents/Home/lib/src.zip!/jdk.xml.dom" type="simple" />
            <root url="jar:///Library/Java/JavaVirtualMachines/adoptopenjdk-11.jdk/Contents/Home/lib/src.zip!/java.desktop" type="simple" />
            <root url="jar:///Library/Java/JavaVirtualMachines/adoptopenjdk-11.jdk/Contents/Home/lib/src.zip!/java.logging" type="simple" />
            <root url="jar:///Library/Java/JavaVirtualMachines/adoptopenjdk-11.jdk/Contents/Home/lib/src.zip!/jdk.charsets" type="simple" />
            <root url="jar:///Library/Java/JavaVirtualMachines/adoptopenjdk-11.jdk/Contents/Home/lib/src.zip!/jdk.compiler" type="simple" />
            <root url="jar:///Library/Java/JavaVirtualMachines/adoptopenjdk-11.jdk/Contents/Home/lib/src.zip!/jdk.dynalink" type="simple" />
            <root url="jar:///Library/Java/JavaVirtualMachines/adoptopenjdk-11.jdk/Contents/Home/lib/src.zip!/jdk.jconsole" type="simple" />
            <root url="jar:///Library/Java/JavaVirtualMachines/adoptopenjdk-11.jdk/Contents/Home/lib/src.zip!/jdk.jsobject" type="simple" />
            <root url="jar:///Library/Java/JavaVirtualMachines/adoptopenjdk-11.jdk/Contents/Home/lib/src.zip!/java.compiler" type="simple" />
            <root url="jar:///Library/Java/JavaVirtualMachines/adoptopenjdk-11.jdk/Contents/Home/lib/src.zip!/java.net.http" type="simple" />
            <root url="jar:///Library/Java/JavaVirtualMachines/adoptopenjdk-11.jdk/Contents/Home/lib/src.zip!/jdk.crypto.ec" type="simple" />
            <root url="jar:///Library/Java/JavaVirtualMachines/adoptopenjdk-11.jdk/Contents/Home/lib/src.zip!/java.scripting" type="simple" />
            <root url="jar:///Library/Java/JavaVirtualMachines/adoptopenjdk-11.jdk/Contents/Home/lib/src.zip!/jdk.httpserver" type="simple" />
            <root url="jar:///Library/Java/JavaVirtualMachines/adoptopenjdk-11.jdk/Contents/Home/lib/src.zip!/jdk.jdwp.agent" type="simple" />
            <root url="jar:///Library/Java/JavaVirtualMachines/adoptopenjdk-11.jdk/Contents/Home/lib/src.zip!/jdk.localedata" type="simple" />
            <root url="jar:///Library/Java/JavaVirtualMachines/adoptopenjdk-11.jdk/Contents/Home/lib/src.zip!/jdk.management" type="simple" />
            <root url="jar:///Library/Java/JavaVirtualMachines/adoptopenjdk-11.jdk/Contents/Home/lib/src.zip!/jdk.naming.dns" type="simple" />
            <root url="jar:///Library/Java/JavaVirtualMachines/adoptopenjdk-11.jdk/Contents/Home/lib/src.zip!/jdk.naming.rmi" type="simple" />
            <root url="jar:///Library/Java/JavaVirtualMachines/adoptopenjdk-11.jdk/Contents/Home/lib/src.zip!/java.instrument" type="simple" />
            <root url="jar:///Library/Java/JavaVirtualMachines/adoptopenjdk-11.jdk/Contents/Home/lib/src.zip!/java.management" type="simple" />
            <root url="jar:///Library/Java/JavaVirtualMachines/adoptopenjdk-11.jdk/Contents/Home/lib/src.zip!/java.sql.rowset" type="simple" />
            <root url="jar:///Library/Java/JavaVirtualMachines/adoptopenjdk-11.jdk/Contents/Home/lib/src.zip!/java.xml.crypto" type="simple" />
            <root url="jar:///Library/Java/JavaVirtualMachines/adoptopenjdk-11.jdk/Contents/Home/lib/src.zip!/jdk.internal.ed" type="simple" />
            <root url="jar:///Library/Java/JavaVirtualMachines/adoptopenjdk-11.jdk/Contents/Home/lib/src.zip!/jdk.internal.le" type="simple" />
            <root url="jar:///Library/Java/JavaVirtualMachines/adoptopenjdk-11.jdk/Contents/Home/lib/src.zip!/jdk.naming.ldap" type="simple" />
            <root url="jar:///Library/Java/JavaVirtualMachines/adoptopenjdk-11.jdk/Contents/Home/lib/src.zip!/jdk.unsupported" type="simple" />
            <root url="jar:///Library/Java/JavaVirtualMachines/adoptopenjdk-11.jdk/Contents/Home/lib/src.zip!/java.smartcardio" type="simple" />
            <root url="jar:///Library/Java/JavaVirtualMachines/adoptopenjdk-11.jdk/Contents/Home/lib/src.zip!/jdk.internal.opt" type="simple" />
            <root url="jar:///Library/Java/JavaVirtualMachines/adoptopenjdk-11.jdk/Contents/Home/lib/src.zip!/java.datatransfer" type="simple" />
            <root url="jar:///Library/Java/JavaVirtualMachines/adoptopenjdk-11.jdk/Contents/Home/lib/src.zip!/jdk.accessibility" type="simple" />
            <root url="jar:///Library/Java/JavaVirtualMachines/adoptopenjdk-11.jdk/Contents/Home/lib/src.zip!/jdk.hotspot.agent" type="simple" />
            <root url="jar:///Library/Java/JavaVirtualMachines/adoptopenjdk-11.jdk/Contents/Home/lib/src.zip!/jdk.security.auth" type="simple" />
            <root url="jar:///Library/Java/JavaVirtualMachines/adoptopenjdk-11.jdk/Contents/Home/lib/src.zip!/jdk.security.jgss" type="simple" />
            <root url="jar:///Library/Java/JavaVirtualMachines/adoptopenjdk-11.jdk/Contents/Home/lib/src.zip!/java.security.jgss" type="simple" />
            <root url="jar:///Library/Java/JavaVirtualMachines/adoptopenjdk-11.jdk/Contents/Home/lib/src.zip!/java.security.sasl" type="simple" />
            <root url="jar:///Library/Java/JavaVirtualMachines/adoptopenjdk-11.jdk/Contents/Home/lib/src.zip!/jdk.internal.vm.ci" type="simple" />
            <root url="jar:///Library/Java/JavaVirtualMachines/adoptopenjdk-11.jdk/Contents/Home/lib/src.zip!/jdk.management.jfr" type="simple" />
            <root url="jar:///Library/Java/JavaVirtualMachines/adoptopenjdk-11.jdk/Contents/Home/lib/src.zip!/java.management.rmi" type="simple" />
            <root url="jar:///Library/Java/JavaVirtualMachines/adoptopenjdk-11.jdk/Contents/Home/lib/src.zip!/java.transaction.xa" type="simple" />
            <root url="jar:///Library/Java/JavaVirtualMachines/adoptopenjdk-11.jdk/Contents/Home/lib/src.zip!/jdk.crypto.cryptoki" type="simple" />
            <root url="jar:///Library/Java/JavaVirtualMachines/adoptopenjdk-11.jdk/Contents/Home/lib/src.zip!/jdk.internal.jvmstat" type="simple" />
            <root url="jar:///Library/Java/JavaVirtualMachines/adoptopenjdk-11.jdk/Contents/Home/lib/src.zip!/jdk.management.agent" type="simple" />
            <root url="jar:///Library/Java/JavaVirtualMachines/adoptopenjdk-11.jdk/Contents/Home/lib/src.zip!/jdk.scripting.nashorn" type="simple" />
            <root url="jar:///Library/Java/JavaVirtualMachines/adoptopenjdk-11.jdk/Contents/Home/lib/src.zip!/jdk.unsupported.desktop" type="simple" />
            <root url="jar:///Library/Java/JavaVirtualMachines/adoptopenjdk-11.jdk/Contents/Home/lib/src.zip!/jdk.internal.vm.compiler" type="simple" />
            <root url="jar:///Library/Java/JavaVirtualMachines/adoptopenjdk-11.jdk/Contents/Home/lib/src.zip!/jdk.scripting.nashorn.shell" type="simple" />
            <root url="jar:///Library/Java/JavaVirtualMachines/adoptopenjdk-11.jdk/Contents/Home/lib/src.zip!/jdk.internal.vm.compiler.management" type="simple" />
          </root>
        </sourcePath>
      </roots>
      <additional />
    </jdk>
    <jdk version="2">
      <name value="1.8" />
      <type value="JavaSDK" />
      <version value="java version &quot;1.8.0_292&quot;" />
      <homePath value="$USER_HOME$/Library/Java/JavaVirtualMachines/adopt-openjdk-1.8.0_292/Contents/Home" />
      <roots>
        <annotationsPath>
          <root type="composite">
            <root url="jar://$APPLICATION_HOME_DIR$/plugins/java/lib/jdkAnnotations.jar!/" type="simple" />
          </root>
        </annotationsPath>
        <classPath>
          <root type="composite">
            <root url="jar://$USER_HOME$/Library/Java/JavaVirtualMachines/adopt-openjdk-1.8.0_292/Contents/Home/jre/lib/charsets.jar!/" type="simple" />
            <root url="jar://$USER_HOME$/Library/Java/JavaVirtualMachines/adopt-openjdk-1.8.0_292/Contents/Home/jre/lib/ext/cldrdata.jar!/" type="simple" />
            <root url="jar://$USER_HOME$/Library/Java/JavaVirtualMachines/adopt-openjdk-1.8.0_292/Contents/Home/jre/lib/ext/dnsns.jar!/" type="simple" />
            <root url="jar://$USER_HOME$/Library/Java/JavaVirtualMachines/adopt-openjdk-1.8.0_292/Contents/Home/jre/lib/ext/jaccess.jar!/" type="simple" />
            <root url="jar://$USER_HOME$/Library/Java/JavaVirtualMachines/adopt-openjdk-1.8.0_292/Contents/Home/jre/lib/ext/localedata.jar!/" type="simple" />
            <root url="jar://$USER_HOME$/Library/Java/JavaVirtualMachines/adopt-openjdk-1.8.0_292/Contents/Home/jre/lib/ext/nashorn.jar!/" type="simple" />
            <root url="jar://$USER_HOME$/Library/Java/JavaVirtualMachines/adopt-openjdk-1.8.0_292/Contents/Home/jre/lib/ext/sunec.jar!/" type="simple" />
            <root url="jar://$USER_HOME$/Library/Java/JavaVirtualMachines/adopt-openjdk-1.8.0_292/Contents/Home/jre/lib/ext/sunjce_provider.jar!/" type="simple" />
            <root url="jar://$USER_HOME$/Library/Java/JavaVirtualMachines/adopt-openjdk-1.8.0_292/Contents/Home/jre/lib/ext/sunpkcs11.jar!/" type="simple" />
            <root url="jar://$USER_HOME$/Library/Java/JavaVirtualMachines/adopt-openjdk-1.8.0_292/Contents/Home/jre/lib/ext/zipfs.jar!/" type="simple" />
            <root url="jar://$USER_HOME$/Library/Java/JavaVirtualMachines/adopt-openjdk-1.8.0_292/Contents/Home/jre/lib/jce.jar!/" type="simple" />
            <root url="jar://$USER_HOME$/Library/Java/JavaVirtualMachines/adopt-openjdk-1.8.0_292/Contents/Home/jre/lib/jfr.jar!/" type="simple" />
            <root url="jar://$USER_HOME$/Library/Java/JavaVirtualMachines/adopt-openjdk-1.8.0_292/Contents/Home/jre/lib/jsse.jar!/" type="simple" />
            <root url="jar://$USER_HOME$/Library/Java/JavaVirtualMachines/adopt-openjdk-1.8.0_292/Contents/Home/jre/lib/management-agent.jar!/" type="simple" />
            <root url="jar://$USER_HOME$/Library/Java/JavaVirtualMachines/adopt-openjdk-1.8.0_292/Contents/Home/jre/lib/resources.jar!/" type="simple" />
            <root url="jar://$USER_HOME$/Library/Java/JavaVirtualMachines/adopt-openjdk-1.8.0_292/Contents/Home/jre/lib/rt.jar!/" type="simple" />
            <root url="jar://$USER_HOME$/Library/Java/JavaVirtualMachines/adopt-openjdk-1.8.0_292/Contents/Home/lib/dt.jar!/" type="simple" />
            <root url="jar://$USER_HOME$/Library/Java/JavaVirtualMachines/adopt-openjdk-1.8.0_292/Contents/Home/lib/jconsole.jar!/" type="simple" />
            <root url="jar://$USER_HOME$/Library/Java/JavaVirtualMachines/adopt-openjdk-1.8.0_292/Contents/Home/lib/sa-jdi.jar!/" type="simple" />
            <root url="jar://$USER_HOME$/Library/Java/JavaVirtualMachines/adopt-openjdk-1.8.0_292/Contents/Home/lib/tools.jar!/" type="simple" />
          </root>
        </classPath>
        <javadocPath>
          <root type="composite" />
        </javadocPath>
        <sourcePath>
          <root type="composite">
            <root url="jar://$USER_HOME$/Library/Java/JavaVirtualMachines/adopt-openjdk-1.8.0_292/Contents/Home/src.zip!/" type="simple" />
          </root>
        </sourcePath>
      </roots>
      <additional />
    </jdk>
    <jdk version="2">
      <name value="adopt-openjdk-1.8" />
      <type value="JavaSDK" />
      <version value="java version &quot;1.8.0_292&quot;" />
      <homePath value="$USER_HOME$/Library/Java/JavaVirtualMachines/adopt-openjdk-1.8.0_292/Contents/Home" />
      <roots>
        <annotationsPath>
          <root type="composite">
            <root url="jar://$APPLICATION_HOME_DIR$/plugins/java/lib/jdkAnnotations.jar!/" type="simple" />
          </root>
        </annotationsPath>
        <classPath>
          <root type="composite">
            <root url="jar://$USER_HOME$/Library/Java/JavaVirtualMachines/adopt-openjdk-1.8.0_292/Contents/Home/jre/lib/charsets.jar!/" type="simple" />
            <root url="jar://$USER_HOME$/Library/Java/JavaVirtualMachines/adopt-openjdk-1.8.0_292/Contents/Home/jre/lib/ext/cldrdata.jar!/" type="simple" />
            <root url="jar://$USER_HOME$/Library/Java/JavaVirtualMachines/adopt-openjdk-1.8.0_292/Contents/Home/jre/lib/ext/dnsns.jar!/" type="simple" />
            <root url="jar://$USER_HOME$/Library/Java/JavaVirtualMachines/adopt-openjdk-1.8.0_292/Contents/Home/jre/lib/ext/jaccess.jar!/" type="simple" />
            <root url="jar://$USER_HOME$/Library/Java/JavaVirtualMachines/adopt-openjdk-1.8.0_292/Contents/Home/jre/lib/ext/localedata.jar!/" type="simple" />
            <root url="jar://$USER_HOME$/Library/Java/JavaVirtualMachines/adopt-openjdk-1.8.0_292/Contents/Home/jre/lib/ext/nashorn.jar!/" type="simple" />
            <root url="jar://$USER_HOME$/Library/Java/JavaVirtualMachines/adopt-openjdk-1.8.0_292/Contents/Home/jre/lib/ext/sunec.jar!/" type="simple" />
            <root url="jar://$USER_HOME$/Library/Java/JavaVirtualMachines/adopt-openjdk-1.8.0_292/Contents/Home/jre/lib/ext/sunjce_provider.jar!/" type="simple" />
            <root url="jar://$USER_HOME$/Library/Java/JavaVirtualMachines/adopt-openjdk-1.8.0_292/Contents/Home/jre/lib/ext/sunpkcs11.jar!/" type="simple" />
            <root url="jar://$USER_HOME$/Library/Java/JavaVirtualMachines/adopt-openjdk-1.8.0_292/Contents/Home/jre/lib/ext/zipfs.jar!/" type="simple" />
            <root url="jar://$USER_HOME$/Library/Java/JavaVirtualMachines/adopt-openjdk-1.8.0_292/Contents/Home/jre/lib/jce.jar!/" type="simple" />
            <root url="jar://$USER_HOME$/Library/Java/JavaVirtualMachines/adopt-openjdk-1.8.0_292/Contents/Home/jre/lib/jfr.jar!/" type="simple" />
            <root url="jar://$USER_HOME$/Library/Java/JavaVirtualMachines/adopt-openjdk-1.8.0_292/Contents/Home/jre/lib/jsse.jar!/" type="simple" />
            <root url="jar://$USER_HOME$/Library/Java/JavaVirtualMachines/adopt-openjdk-1.8.0_292/Contents/Home/jre/lib/management-agent.jar!/" type="simple" />
            <root url="jar://$USER_HOME$/Library/Java/JavaVirtualMachines/adopt-openjdk-1.8.0_292/Contents/Home/jre/lib/resources.jar!/" type="simple" />
            <root url="jar://$USER_HOME$/Library/Java/JavaVirtualMachines/adopt-openjdk-1.8.0_292/Contents/Home/jre/lib/rt.jar!/" type="simple" />
            <root url="jar://$USER_HOME$/Library/Java/JavaVirtualMachines/adopt-openjdk-1.8.0_292/Contents/Home/lib/dt.jar!/" type="simple" />
            <root url="jar://$USER_HOME$/Library/Java/JavaVirtualMachines/adopt-openjdk-1.8.0_292/Contents/Home/lib/jconsole.jar!/" type="simple" />
            <root url="jar://$USER_HOME$/Library/Java/JavaVirtualMachines/adopt-openjdk-1.8.0_292/Contents/Home/lib/sa-jdi.jar!/" type="simple" />
            <root url="jar://$USER_HOME$/Library/Java/JavaVirtualMachines/adopt-openjdk-1.8.0_292/Contents/Home/lib/tools.jar!/" type="simple" />
          </root>
        </classPath>
        <javadocPath>
          <root type="composite" />
        </javadocPath>
        <sourcePath>
          <root type="composite">
            <root url="jar://$USER_HOME$/Library/Java/JavaVirtualMachines/adopt-openjdk-1.8.0_292/Contents/Home/src.zip!/" type="simple" />
          </root>
        </sourcePath>
      </roots>
      <additional />
    </jdk>
  </component>
</application>