<application>
  <component name="ApplicationCodeStyleSettingsMigration">
    <option name="version" value="1" />
  </component>
  <component name="ScalaApplicationSettings">
    <option name="SPECIFY_RETURN_TYPE_EXPLICITLY" value="ADD" />
    <option name="ASK_USE_LATEST_PLUGIN_BUILDS" value="false" />
    <option name="SUGGEST_IN_EDITOR_DOC_RENDERING" value="false" />
    <option name="SUGGEST_AUTOBRACE_INSERTION" value="false" />
    <option name="SUGGEST_LEGACY_IMPORT_LAYOUT" value="false" />
  </component>
  <component name="TypeAwareHighlightingApplicationState">
    <option name="SUGGEST_TYPE_AWARE_HIGHLIGHTING_ENABLED" value="true" />
  </component>
</application>