<keymap version="1" name="Mac OS X + Emacs" parent="Mac OS X">
  <action id="$Paste">
    <keyboard-shortcut first-keystroke="meta v" />
    <keyboard-shortcut first-keystroke="ctrl y" />
  </action>
  <action id="$Redo">
    <keyboard-shortcut first-keystroke="shift meta z" />
    <keyboard-shortcut first-keystroke="shift alt back_space" />
    <keyboard-shortcut first-keystroke="shift alt minus" />
  </action>
  <action id="$SelectAll">
    <keyboard-shortcut first-keystroke="meta a" />
    <keyboard-shortcut first-keystroke="ctrl x" second-keystroke="h" />
  </action>
  <action id="$Undo">
    <keyboard-shortcut first-keystroke="meta z" />
    <keyboard-shortcut first-keystroke="shift ctrl minus" />
    <keyboard-shortcut first-keystroke="ctrl slash" />
  </action>
  <action id="ActivateBuildToolWindow">
    <keyboard-shortcut first-keystroke="ctrl t" second-keystroke="b" />
  </action>
  <action id="ActivateDatabaseConsoleToolWindow">
    <keyboard-shortcut first-keystroke="meta 4" />
  </action>
  <action id="ActivateDatabaseToolWindow">
    <keyboard-shortcut first-keystroke="meta 5" />
  </action>
  <action id="ActivateDebugToolWindow">
    <keyboard-shortcut first-keystroke="meta 3" />
  </action>
  <action id="ActivateDockerToolWindow">
    <keyboard-shortcut first-keystroke="ctrl t" second-keystroke="d" />
  </action>
  <action id="ActivateFavoritesToolWindow" />
  <action id="ActivateHierarchyToolWindow" />
  <action id="ActivateRunToolWindow">
    <keyboard-shortcut first-keystroke="meta 2" />
  </action>
  <action id="ActivateTODOToolWindow">
    <keyboard-shortcut first-keystroke="meta 6" />
    <keyboard-shortcut first-keystroke="ctrl t" second-keystroke="t" />
  </action>
  <action id="ActivateTerminalToolWindow">
    <keyboard-shortcut first-keystroke="alt f12" />
    <keyboard-shortcut first-keystroke="meta 8" />
    <keyboard-shortcut first-keystroke="ctrl t" second-keystroke="enter" />
  </action>
  <action id="ActivateVersionControlToolWindow">
    <keyboard-shortcut first-keystroke="meta 9" />
    <keyboard-shortcut first-keystroke="shift meta 9" />
    <keyboard-shortcut first-keystroke="ctrl t" second-keystroke="g" />
  </action>
  <action id="Activatesbt-shell-toolwindowToolWindow">
    <keyboard-shortcut first-keystroke="shift meta s" />
    <keyboard-shortcut first-keystroke="ctrl t" second-keystroke="ctrl s" />
  </action>
  <action id="ActivatesbtToolWindow">
    <keyboard-shortcut first-keystroke="ctrl t" second-keystroke="s" />
  </action>
  <action id="Annotate">
    <keyboard-shortcut first-keystroke="ctrl g" second-keystroke="a" />
  </action>
  <action id="Arrangement.Rule.Match.Condition.Move.Down" />
  <action id="Arrangement.Rule.Match.Condition.Move.Up" />
  <action id="BraceOrQuoteOut" />
  <action id="ChangeSignature">
    <keyboard-shortcut first-keystroke="meta f6" />
    <keyboard-shortcut first-keystroke="alt s" />
  </action>
  <action id="ChangesView.AddUnversioned">
    <keyboard-shortcut first-keystroke="meta alt a" />
    <keyboard-shortcut first-keystroke="shift meta a" />
  </action>
  <action id="ChangesView.Move">
    <keyboard-shortcut first-keystroke="shift meta m" />
    <keyboard-shortcut first-keystroke="ctrl c" second-keystroke="m" />
  </action>
  <action id="ChangesView.NewChangeList">
    <keyboard-shortcut first-keystroke="ctrl c" second-keystroke="n" />
    <keyboard-shortcut first-keystroke="ctrl c" second-keystroke="enter" />
  </action>
  <action id="ChangesView.RemoveChangeList">
    <keyboard-shortcut first-keystroke="ctrl c" second-keystroke="back_space" />
  </action>
  <action id="ChangesView.Rename">
    <keyboard-shortcut first-keystroke="ctrl c" second-keystroke="e" />
  </action>
  <action id="ChangesView.Revert">
    <keyboard-shortcut first-keystroke="meta alt z" />
    <keyboard-shortcut first-keystroke="ctrl meta alt z" />
    <keyboard-shortcut first-keystroke="ctrl meta z" />
  </action>
  <action id="ChangesView.SetDefault">
    <keyboard-shortcut first-keystroke="ctrl c" second-keystroke="a" />
  </action>
  <action id="ChangesView.Shelve">
    <keyboard-shortcut first-keystroke="ctrl g" second-keystroke="s" />
  </action>
  <action id="ChangesView.ShelveSilently">
    <keyboard-shortcut first-keystroke="meta alt h" />
    <keyboard-shortcut first-keystroke="ctrl c" second-keystroke="s" />
  </action>
  <action id="ChangesView.UnshelveSilently">
    <keyboard-shortcut first-keystroke="meta alt u" />
    <keyboard-shortcut first-keystroke="ctrl c" second-keystroke="u" />
  </action>
  <action id="ChooseDebugConfiguration">
    <keyboard-shortcut first-keystroke="shift alt f9" />
    <keyboard-shortcut first-keystroke="ctrl x" second-keystroke="ctrl d" />
  </action>
  <action id="ChooseRunConfiguration">
    <keyboard-shortcut first-keystroke="shift alt f10" />
    <keyboard-shortcut first-keystroke="ctrl x" second-keystroke="ctrl r" />
  </action>
  <action id="ClassNameCompletion">
    <keyboard-shortcut first-keystroke="ctrl c" second-keystroke="c" />
  </action>
  <action id="CloseActiveTab">
    <keyboard-shortcut first-keystroke="shift meta f4" />
    <keyboard-shortcut first-keystroke="ctrl x" second-keystroke="0" />
  </action>
  <action id="CloseAllEditors">
    <keyboard-shortcut first-keystroke="ctrl x" second-keystroke="ctrl 0" />
  </action>
  <action id="CloseAllEditorsButActive">
    <keyboard-shortcut first-keystroke="ctrl x" second-keystroke="9" />
  </action>
  <action id="CloseContent">
    <keyboard-shortcut first-keystroke="meta f4" />
    <keyboard-shortcut first-keystroke="ctrl x" second-keystroke="0" />
  </action>
  <action id="CloseProject">
    <keyboard-shortcut first-keystroke="ctrl meta w" />
    <keyboard-shortcut first-keystroke="ctrl x" second-keystroke="ctrl c" />
  </action>
  <action id="CodeCompletion" />
  <action id="Compare.Selected">
    <keyboard-shortcut first-keystroke="ctrl g" second-keystroke="ctrl d" />
  </action>
  <action id="CompareTwoFiles">
    <keyboard-shortcut first-keystroke="ctrl d" />
  </action>
  <action id="Compile">
    <keyboard-shortcut first-keystroke="shift meta f9" />
    <keyboard-shortcut first-keystroke="ctrl meta alt r" />
  </action>
  <action id="Console.TableResult.RenameTab">
    <keyboard-shortcut first-keystroke="shift alt r" />
  </action>
  <action id="Console.TableResult.SetNull" />
  <action id="DatabaseView.Ddl.AddDatabase">
    <keyboard-shortcut first-keystroke="alt 2" />
    <keyboard-shortcut first-keystroke="meta 5" />
  </action>
  <action id="Debug">
    <keyboard-shortcut first-keystroke="shift f9" />
    <keyboard-shortcut first-keystroke="ctrl x" second-keystroke="d" />
  </action>
  <action id="Debugger.PopFrame">
    <keyboard-shortcut first-keystroke="ctrl home" />
  </action>
  <action id="Diff.ApplyLeftSide">
    <keyboard-shortcut first-keystroke="meta alt left" />
  </action>
  <action id="Diff.ApplyRightSide">
    <keyboard-shortcut first-keystroke="meta alt right" />
  </action>
  <action id="DirDiffMenu.EnableEqual">
    <keyboard-shortcut first-keystroke="shift ctrl equals" />
  </action>
  <action id="DirDiffMenu.EnableLeft">
    <keyboard-shortcut first-keystroke="shift meta alt up" />
  </action>
  <action id="DirDiffMenu.EnableNotEqual">
    <keyboard-shortcut first-keystroke="shift alt equals" />
  </action>
  <action id="DirDiffMenu.EnableRight">
    <keyboard-shortcut first-keystroke="shift meta alt down" />
  </action>
  <action id="Editor Paste">
    <keyboard-shortcut first-keystroke="ctrl y" />
  </action>
  <action id="Editor Redo">
    <keyboard-shortcut first-keystroke="shift alt minus" />
  </action>
  <action id="Editor SelectAll">
    <keyboard-shortcut first-keystroke="ctrl x" second-keystroke="h" />
  </action>
  <action id="Editor Undo">
    <keyboard-shortcut first-keystroke="shift ctrl minus" />
    <keyboard-shortcut first-keystroke="ctrl slash" />
  </action>
  <action id="EditorBackwardParagraph">
    <keyboard-shortcut first-keystroke="meta alt up" />
    <keyboard-shortcut first-keystroke="meta alt p" />
  </action>
  <action id="EditorChooseLookupItemReplace" />
  <action id="EditorCodeBlockEnd">
    <keyboard-shortcut first-keystroke="meta close_bracket" />
    <keyboard-shortcut first-keystroke="ctrl close_bracket" />
  </action>
  <action id="EditorCodeBlockStart">
    <keyboard-shortcut first-keystroke="meta open_bracket" />
    <keyboard-shortcut first-keystroke="ctrl open_bracket" />
  </action>
  <action id="EditorCutLineEnd">
    <keyboard-shortcut first-keystroke="ctrl k" />
  </action>
  <action id="EditorDeleteToWordStart" />
  <action id="EditorDown">
    <keyboard-shortcut first-keystroke="down" />
    <keyboard-shortcut first-keystroke="ctrl n" />
  </action>
  <action id="EditorForwardParagraph">
    <keyboard-shortcut first-keystroke="meta alt down" />
    <keyboard-shortcut first-keystroke="meta alt n" />
  </action>
  <action id="EditorIndentSelection" />
  <action id="EditorKillRegion">
    <keyboard-shortcut first-keystroke="ctrl w" />
  </action>
  <action id="EditorKillRingSave">
    <keyboard-shortcut first-keystroke="alt w" />
  </action>
  <action id="EditorKillToWordEnd">
    <keyboard-shortcut first-keystroke="alt d" />
  </action>
  <action id="EditorKillToWordStart">
    <keyboard-shortcut first-keystroke="alt back_space" />
  </action>
  <action id="EditorLeft">
    <keyboard-shortcut first-keystroke="left" />
    <keyboard-shortcut first-keystroke="ctrl b" />
  </action>
  <action id="EditorLineEnd">
    <keyboard-shortcut first-keystroke="end" />
    <keyboard-shortcut first-keystroke="meta right" />
    <keyboard-shortcut first-keystroke="ctrl e" />
  </action>
  <action id="EditorLineStart">
    <keyboard-shortcut first-keystroke="home" />
    <keyboard-shortcut first-keystroke="ctrl a" />
    <keyboard-shortcut first-keystroke="meta left" />
  </action>
  <action id="EditorMatchBrace">
    <keyboard-shortcut first-keystroke="ctrl x" second-keystroke="m" />
  </action>
  <action id="EditorMoveDownAndScroll">
    <keyboard-shortcut first-keystroke="ctrl meta n" />
  </action>
  <action id="EditorMoveDownAndScrollWithSelection">
    <keyboard-shortcut first-keystroke="ctrl meta alt n" />
  </action>
  <action id="EditorMoveUpAndScroll">
    <keyboard-shortcut first-keystroke="ctrl meta p" />
  </action>
  <action id="EditorMoveUpAndScrollWithSelection">
    <keyboard-shortcut first-keystroke="ctrl meta alt p" />
  </action>
  <action id="EditorNextWord">
    <keyboard-shortcut first-keystroke="alt f" />
  </action>
  <action id="EditorPreviousWord">
    <keyboard-shortcut first-keystroke="alt b" />
  </action>
  <action id="EditorRight">
    <keyboard-shortcut first-keystroke="right" />
    <keyboard-shortcut first-keystroke="ctrl f" />
  </action>
  <action id="EditorScrollDownAndMove">
    <keyboard-shortcut first-keystroke="alt down" />
  </action>
  <action id="EditorScrollUpAndMove">
    <keyboard-shortcut first-keystroke="alt up" />
  </action>
  <action id="EditorTextEnd">
    <keyboard-shortcut first-keystroke="meta end" />
    <keyboard-shortcut first-keystroke="shift alt period" />
  </action>
  <action id="EditorTextStart">
    <keyboard-shortcut first-keystroke="meta home" />
    <keyboard-shortcut first-keystroke="shift alt comma" />
  </action>
  <action id="EditorToggleColumnMode">
    <keyboard-shortcut first-keystroke="shift meta 8" />
    <keyboard-shortcut first-keystroke="shift meta multiply" />
    <keyboard-shortcut first-keystroke="alt c" />
  </action>
  <action id="EditorToggleStickySelection">
    <keyboard-shortcut first-keystroke="ctrl space" />
  </action>
  <action id="EditorUp">
    <keyboard-shortcut first-keystroke="up" />
    <keyboard-shortcut first-keystroke="ctrl p" />
  </action>
  <action id="EmacsStyleIndent">
    <keyboard-shortcut first-keystroke="meta back_slash" />
  </action>
  <action id="EslintImportCodeStyle">
    <keyboard-shortcut first-keystroke="ctrl meta alt l" />
  </action>
  <action id="ExpandLiveTemplateByTab" />
  <action id="ExportSettings">
    <keyboard-shortcut first-keystroke="ctrl s" second-keystroke="e" />
  </action>
  <action id="FindInPath">
    <keyboard-shortcut first-keystroke="shift ctrl f" />
    <keyboard-shortcut first-keystroke="shift meta f" />
  </action>
  <action id="FindUsages">
    <keyboard-shortcut first-keystroke="alt f7" />
    <keyboard-shortcut first-keystroke="ctrl u" />
  </action>
  <action id="FindUsagesInFile">
    <keyboard-shortcut first-keystroke="meta f7" />
    <keyboard-shortcut first-keystroke="shift ctrl u" />
  </action>
  <action id="Generate">
    <keyboard-shortcut first-keystroke="ctrl enter" />
  </action>
  <action id="Git.Branches">
    <keyboard-shortcut first-keystroke="shift meta b" />
    <keyboard-shortcut first-keystroke="ctrl g" second-keystroke="b" />
  </action>
  <action id="Git.CompareWithBranch">
    <keyboard-shortcut first-keystroke="shift meta d" />
    <keyboard-shortcut first-keystroke="ctrl g" second-keystroke="d" />
  </action>
  <action id="Git.Merge">
    <keyboard-shortcut first-keystroke="ctrl g" second-keystroke="m" />
  </action>
  <action id="Git.Pull">
    <keyboard-shortcut first-keystroke="shift meta p" />
    <keyboard-shortcut first-keystroke="ctrl g" second-keystroke="p" />
  </action>
  <action id="Git.Reset">
    <keyboard-shortcut first-keystroke="ctrl g" second-keystroke="ctrl r" />
  </action>
  <action id="Git.Reset.In.Log">
    <keyboard-shortcut first-keystroke="ctrl g" second-keystroke="r" />
  </action>
  <action id="Git.ResolveConflicts">
    <keyboard-shortcut first-keystroke="ctrl g" second-keystroke="c" />
  </action>
  <action id="GotoAction" />
  <action id="GotoFile" />
  <action id="GotoLine">
    <keyboard-shortcut first-keystroke="meta g" />
    <keyboard-shortcut first-keystroke="alt l" />
  </action>
  <action id="HideSideWindows">
    <keyboard-shortcut first-keystroke="alt escape" />
  </action>
  <action id="Images.Thumbnails.UpFolder" />
  <action id="ImportSettings">
    <keyboard-shortcut first-keystroke="ctrl s" second-keystroke="i" />
  </action>
  <action id="Javascript.Linters.StandardJS.Fix">
    <keyboard-shortcut first-keystroke="ctrl meta alt s" />
  </action>
  <action id="Jdbc.OpenConsole.New.Generate">
    <keyboard-shortcut first-keystroke="ctrl x" second-keystroke="c" />
  </action>
  <action id="LocalHistory.ShowHistory">
    <keyboard-shortcut first-keystroke="shift meta h" />
  </action>
  <action id="MethodDown">
    <keyboard-shortcut first-keystroke="ctrl alt e" />
    <keyboard-shortcut first-keystroke="ctrl alt n" />
    <keyboard-shortcut first-keystroke="ctrl alt down" />
  </action>
  <action id="MethodHierarchy" />
  <action id="MethodOverloadSwitchDown" />
  <action id="MethodOverloadSwitchUp" />
  <action id="MethodUp">
    <keyboard-shortcut first-keystroke="ctrl alt a" />
    <keyboard-shortcut first-keystroke="ctrl alt p" />
    <keyboard-shortcut first-keystroke="ctrl alt up" />
  </action>
  <action id="MoveTabDown">
    <keyboard-shortcut first-keystroke="ctrl x" second-keystroke="ctrl 3" />
  </action>
  <action id="MoveTabRight">
    <keyboard-shortcut first-keystroke="ctrl x" second-keystroke="ctrl 2" />
  </action>
  <action id="NewDir">
    <keyboard-shortcut first-keystroke="shift meta n" second-keystroke="p" />
  </action>
  <action id="NewElement">
    <keyboard-shortcut first-keystroke="ctrl enter" />
  </action>
  <action id="NewElementSamePlace" />
  <action id="NewFile">
    <keyboard-shortcut first-keystroke="shift meta n" second-keystroke="f" />
  </action>
  <action id="NewHtmlFile">
    <keyboard-shortcut first-keystroke="shift meta n" second-keystroke="h" />
  </action>
  <action id="NewJavaScriptFile">
    <keyboard-shortcut first-keystroke="shift meta n" second-keystroke="j" />
  </action>
  <action id="NewScratchFile" />
  <action id="NextDiff">
    <keyboard-shortcut first-keystroke="f7" />
    <keyboard-shortcut first-keystroke="alt down" />
  </action>
  <action id="NextEditorTab" />
  <action id="NextOccurence" />
  <action id="NextParameter" />
  <action id="NextSplitter">
    <keyboard-shortcut first-keystroke="alt tab" />
    <keyboard-shortcut first-keystroke="ctrl x" second-keystroke="o" />
  </action>
  <action id="NextTab">
    <keyboard-shortcut first-keystroke="alt right" />
    <keyboard-shortcut first-keystroke="ctrl tab" />
  </action>
  <action id="NextTemplateParameter" />
  <action id="NextTemplateVariable">
    <keyboard-shortcut first-keystroke="enter" />
  </action>
  <action id="OpenFile">
    <keyboard-shortcut first-keystroke="ctrl x" second-keystroke="ctrl f" />
  </action>
  <action id="PasteMultiple">
    <keyboard-shortcut first-keystroke="shift meta v" />
    <keyboard-shortcut first-keystroke="alt y" />
  </action>
  <action id="Play2.TypeInfo">
    <keyboard-shortcut first-keystroke="meta t" />
  </action>
  <action id="PreviousDiff">
    <keyboard-shortcut first-keystroke="shift f7" />
    <keyboard-shortcut first-keystroke="alt up" />
  </action>
  <action id="PreviousEditorTab" />
  <action id="PreviousOccurence" />
  <action id="PreviousTab">
    <keyboard-shortcut first-keystroke="alt left" />
    <keyboard-shortcut first-keystroke="shift ctrl tab" />
  </action>
  <action id="RecentProjectListGroup">
    <keyboard-shortcut first-keystroke="shift meta o" />
    <keyboard-shortcut first-keystroke="ctrl meta alt o" />
    <keyboard-shortcut first-keystroke="ctrl x" second-keystroke="f" />
  </action>
  <action id="RefactoringMenuRenameFile">
    <keyboard-shortcut first-keystroke="ctrl alt r" />
    <keyboard-shortcut first-keystroke="shift meta r" />
  </action>
  <action id="RemoteHostView.Rename">
    <keyboard-shortcut first-keystroke="shift f6" />
    <keyboard-shortcut first-keystroke="alt r" />
  </action>
  <action id="RenameElement">
    <keyboard-shortcut first-keystroke="alt r" />
  </action>
  <action id="RerunTests" />
  <action id="Resume">
    <keyboard-shortcut first-keystroke="f9" />
    <keyboard-shortcut first-keystroke="ctrl end" />
  </action>
  <action id="Run">
    <keyboard-shortcut first-keystroke="shift f10" />
    <keyboard-shortcut first-keystroke="ctrl x" second-keystroke="r" />
  </action>
  <action id="Scala.NewClass">
    <keyboard-shortcut first-keystroke="shift meta n" second-keystroke="s" />
  </action>
  <action id="Scala.RunConsole">
    <keyboard-shortcut first-keystroke="ctrl s" second-keystroke="c" />
  </action>
  <action id="Scala.ShowImplicitParameters">
    <keyboard-shortcut first-keystroke="alt i" />
    <keyboard-shortcut first-keystroke="ctrl x" second-keystroke="i" />
  </action>
  <action id="Scala.ShowImplicits">
    <keyboard-shortcut first-keystroke="shift ctrl alt equals" />
    <keyboard-shortcut first-keystroke="shift ctrl alt add" />
  </action>
  <action id="Scala.TypeInfo">
    <keyboard-shortcut first-keystroke="meta t" />
  </action>
  <action id="ScrollPane-scrollEnd">
    <keyboard-shortcut first-keystroke="alt space" />
  </action>
  <action id="ScrollPane-scrollHome">
    <keyboard-shortcut first-keystroke="ctrl alt space" />
  </action>
  <action id="ScrollPane-unitScrollDown">
    <keyboard-shortcut first-keystroke="meta down" />
  </action>
  <action id="ScrollPane-unitScrollUp">
    <keyboard-shortcut first-keystroke="meta up" />
  </action>
  <action id="SelectIn">
    <keyboard-shortcut first-keystroke="alt f1" />
    <keyboard-shortcut first-keystroke="alt 1" />
  </action>
  <action id="SelectNextOccurrence" />
  <action id="ShelveChanges.UnshelveWithDialog">
    <keyboard-shortcut first-keystroke="shift meta u" />
    <keyboard-shortcut first-keystroke="ctrl g" second-keystroke="u" />
  </action>
  <action id="ShelvedChanges.CleanMarkedToDelete">
    <keyboard-shortcut first-keystroke="ctrl c" second-keystroke="ctrl c" />
  </action>
  <action id="ShelvedChanges.Rename">
    <keyboard-shortcut first-keystroke="f2" />
    <keyboard-shortcut first-keystroke="shift f6" />
    <keyboard-shortcut first-keystroke="ctrl c" second-keystroke="r" />
  </action>
  <action id="ShowSettingsAndFindUsages">
    <keyboard-shortcut first-keystroke="shift meta alt f7" />
    <keyboard-shortcut first-keystroke="shift ctrl alt u" />
  </action>
  <action id="SplitHorizontally">
    <keyboard-shortcut first-keystroke="ctrl x" second-keystroke="2" />
  </action>
  <action id="SplitVertically">
    <keyboard-shortcut first-keystroke="ctrl x" second-keystroke="3" />
  </action>
  <action id="StringManipulation.SwitchStyleAction">
    <keyboard-shortcut first-keystroke="ctrl r" second-keystroke="c" />
  </action>
  <action id="Switcher">
    <keyboard-shortcut first-keystroke="ctrl x" second-keystroke="b" />
  </action>
  <action id="ToggleBreakpointEnabled">
    <keyboard-shortcut first-keystroke="ctrl alt b" />
  </action>
  <action id="ToggleLineBreakpoint">
    <keyboard-shortcut first-keystroke="meta f8" />
    <keyboard-shortcut first-keystroke="ctrl alt b" />
  </action>
  <action id="ToggleTemporaryLineBreakpoint">
    <keyboard-shortcut first-keystroke="shift meta alt f8" />
    <keyboard-shortcut first-keystroke="ctrl meta alt b" />
  </action>
  <action id="UnsplitAll">
    <keyboard-shortcut first-keystroke="ctrl x" second-keystroke="1" />
  </action>
  <action id="Vcs.Push">
    <keyboard-shortcut first-keystroke="shift meta k" />
    <keyboard-shortcut first-keystroke="ctrl g" second-keystroke="k" />
  </action>
  <action id="Vcs.QuickListPopupAction">
    <keyboard-shortcut first-keystroke="ctrl g" second-keystroke="g" />
  </action>
  <action id="Vcs.ShowTabbedFileHistory">
    <keyboard-shortcut first-keystroke="ctrl g" second-keystroke="h" />
  </action>
  <action id="Vcs.UpdateProject" />
  <action id="tasks.goto" />
</keymap>