<keymap version="1" name="Mac OS X 10.5 + Emacs" parent="Mac OS X 10.5+">
  <action id="$SelectAll">
    <keyboard-shortcut first-keystroke="meta a" />
    <keyboard-shortcut first-keystroke="ctrl x" second-keystroke="h" />
  </action>
  <action id="ActivateTerminalToolWindow">
    <keyboard-shortcut first-keystroke="alt f12" />
    <keyboard-shortcut first-keystroke="meta 8" />
  </action>
  <action id="CloseAllEditorsButActive">
    <keyboard-shortcut first-keystroke="ctrl x" second-keystroke="9" />
  </action>
  <action id="CloseContent">
    <keyboard-shortcut first-keystroke="meta w" />
    <keyboard-shortcut first-keystroke="ctrl x" second-keystroke="0" />
  </action>
  <action id="CloseProject">
    <keyboard-shortcut first-keystroke="ctrl x" second-keystroke="ctrl c" />
  </action>
  <action id="CodeCompletion">
    <keyboard-shortcut first-keystroke="alt slash" />
  </action>
  <action id="Console.TableResult.RenameTab">
    <keyboard-shortcut first-keystroke="alt t" second-keystroke="r" />
  </action>
  <action id="Diff.ApplyLeftSide">
    <keyboard-shortcut first-keystroke="alt left" />
  </action>
  <action id="Diff.ApplyRightSide">
    <keyboard-shortcut first-keystroke="alt right" />
  </action>
  <action id="Editor SelectAll">
    <keyboard-shortcut first-keystroke="ctrl x" second-keystroke="h" />
  </action>
  <action id="EditorCutLineBackward">
    <keyboard-shortcut first-keystroke="alt minus" second-keystroke="ctrl k" />
  </action>
  <action id="EditorDeleteToWordEnd" />
  <action id="EditorDeleteToWordStart" />
  <action id="EditorKillRegion">
    <keyboard-shortcut first-keystroke="ctrl w" />
  </action>
  <action id="EditorKillRingSave">
    <keyboard-shortcut first-keystroke="alt w" />
  </action>
  <action id="EditorKillToWordEnd">
    <keyboard-shortcut first-keystroke="alt d" />
  </action>
  <action id="EditorKillToWordStart">
    <keyboard-shortcut first-keystroke="alt back_space" />
  </action>
  <action id="EditorMoveToPageBottom">
    <keyboard-shortcut first-keystroke="meta page_down" />
    <keyboard-shortcut first-keystroke="shift alt period" />
  </action>
  <action id="EditorMoveToPageTop">
    <keyboard-shortcut first-keystroke="meta page_up" />
    <keyboard-shortcut first-keystroke="shift alt comma" />
  </action>
  <action id="EditorNextWord">
    <keyboard-shortcut first-keystroke="alt right" />
    <keyboard-shortcut first-keystroke="alt f" />
  </action>
  <action id="EditorPreviousWord">
    <keyboard-shortcut first-keystroke="alt left" />
    <keyboard-shortcut first-keystroke="alt b" />
  </action>
  <action id="EditorToggleColumnMode">
    <keyboard-shortcut first-keystroke="shift meta 8" />
    <keyboard-shortcut first-keystroke="ctrl c" second-keystroke="ctrl c" />
  </action>
  <action id="EditorToggleStickySelection">
    <keyboard-shortcut first-keystroke="ctrl space" />
  </action>
  <action id="EmmetNextEditPoint">
    <keyboard-shortcut first-keystroke="ctrl x" second-keystroke="ctrl o" />
  </action>
  <action id="EmmetPreviousEditPoint" />
  <action id="FileChooser.GotoDesktop" />
  <action id="Git.Branches">
    <keyboard-shortcut first-keystroke="alt g" second-keystroke="b" />
  </action>
  <action id="Git.CompareWithBranch">
    <keyboard-shortcut first-keystroke="alt g" second-keystroke="d" />
  </action>
  <action id="GotoAction">
    <keyboard-shortcut first-keystroke="shift meta a" />
    <keyboard-shortcut first-keystroke="alt x" />
  </action>
  <action id="HideSideWindows">
    <keyboard-shortcut first-keystroke="alt escape" />
  </action>
  <action id="HippieCompletion" />
  <action id="MethodDown">
    <keyboard-shortcut first-keystroke="ctrl down" />
    <keyboard-shortcut first-keystroke="ctrl alt e" />
    <keyboard-shortcut first-keystroke="ctrl alt n" />
  </action>
  <action id="MethodUp">
    <keyboard-shortcut first-keystroke="ctrl up" />
    <keyboard-shortcut first-keystroke="ctrl alt a" />
    <keyboard-shortcut first-keystroke="ctrl alt p" />
  </action>
  <action id="NewElementSamePlace">
    <keyboard-shortcut first-keystroke="ctrl x" second-keystroke="n" />
  </action>
  <action id="NextDiff">
    <keyboard-shortcut first-keystroke="f7" />
    <keyboard-shortcut first-keystroke="ctrl alt down" />
  </action>
  <action id="NextSplitter">
    <keyboard-shortcut first-keystroke="alt tab" />
    <keyboard-shortcut first-keystroke="ctrl x" second-keystroke="o" />
  </action>
  <action id="NextTab">
    <keyboard-shortcut first-keystroke="shift meta close_bracket" />
    <keyboard-shortcut first-keystroke="ctrl right" />
    <keyboard-shortcut first-keystroke="ctrl alt right" />
  </action>
  <action id="OpenFile">
    <keyboard-shortcut first-keystroke="ctrl x" second-keystroke="ctrl f" />
  </action>
  <action id="PreviousDiff">
    <keyboard-shortcut first-keystroke="shift f7" />
    <keyboard-shortcut first-keystroke="ctrl alt up" />
  </action>
  <action id="PreviousTab">
    <keyboard-shortcut first-keystroke="shift meta open_bracket" />
    <keyboard-shortcut first-keystroke="ctrl left" />
    <keyboard-shortcut first-keystroke="ctrl alt left" />
  </action>
  <action id="RecentProjectListGroup">
    <keyboard-shortcut first-keystroke="ctrl x" second-keystroke="f" />
  </action>
  <action id="Scala.ShowImplicits">
    <keyboard-shortcut first-keystroke="shift ctrl alt equals" />
    <keyboard-shortcut first-keystroke="shift ctrl alt add" />
  </action>
  <action id="SelectIn">
    <keyboard-shortcut first-keystroke="alt f1" />
    <keyboard-shortcut first-keystroke="alt 1" />
  </action>
  <action id="SendEOF" />
  <action id="SplitHorizontally">
    <keyboard-shortcut first-keystroke="ctrl x" second-keystroke="2" />
  </action>
  <action id="SplitVertically">
    <keyboard-shortcut first-keystroke="ctrl x" second-keystroke="3" />
  </action>
  <action id="Switcher">
    <keyboard-shortcut first-keystroke="ctrl tab" />
    <keyboard-shortcut first-keystroke="shift ctrl tab" />
    <keyboard-shortcut first-keystroke="ctrl x" second-keystroke="b" />
  </action>
  <action id="UnsplitAll">
    <keyboard-shortcut first-keystroke="ctrl x" second-keystroke="1" />
  </action>
  <action id="clojure.editor.kill" />
</keymap>